id,transaction_date,department,category,amount,allocated_sales_id
300000,2022-01-03,Marketing,Ads,2034.72,
300001,2022-01-03,Marketing,Promotions,1248.72,
300002,2022-01-03,Operations,Rent,5737.04,
300003,2022-01-03,Operations,Shipping,822.64,
300004,2022-01-03,People,Payroll,8398.1,
300005,2022-01-03,People,Benefits,1736.58,
300006,2022-01-03,IT,Software,651.98,
300007,2022-01-03,IT,Hardware,439.33,
300008,2022-01-07,Marketing,Promotions,238.55,
300009,2022-01-10,Marketing,Ads,2015.74,
300010,2022-01-10,Marketing,Promotions,1326.59,
300011,2022-01-10,Operations,Rent,4398.13,
300012,2022-01-10,Operations,Shipping,927.88,
300013,2022-01-10,People,Payroll,7603.4,
300014,2022-01-10,People,Benefits,1724.41,
300015,2022-01-10,IT,Software,748.57,
300016,2022-01-10,IT,Hardware,428.65,
300017,2022-01-10,Marketing,Ads,429.83,
300018,2022-01-15,Operations,Shipping,203.65,
300019,2022-01-17,Marketing,Ads,2180.46,
300020,2022-01-17,Marketing,Promotions,1296.91,
300021,2022-01-17,Operations,Rent,5243.36,
300022,2022-01-17,Operations,Shipping,823.41,
300023,2022-01-17,People,Payroll,7975.94,
300024,2022-01-17,People,Benefits,1737.48,
300025,2022-01-17,IT,Software,724.0,
300026,2022-01-17,IT,Hardware,361.64,
300027,2022-01-22,Operations,Shipping,169.79,
300028,2022-01-24,Marketing,Ads,1891.59,
300029,2022-01-24,Marketing,Promotions,948.18,
300030,2022-01-24,Operations,Rent,4630.73,
300031,2022-01-24,Operations,Shipping,1000.47,
300032,2022-01-24,People,Payroll,6832.41,
300033,2022-01-24,People,Benefits,1765.97,
300034,2022-01-24,IT,Software,717.24,
300035,2022-01-24,IT,Hardware,375.29,
300036,2022-01-26,Marketing,Promotions,268.26,
300037,2022-01-29,Marketing,Promotions,394.88,
300038,2022-01-31,Marketing,Ads,2501.53,
300039,2022-01-31,Marketing,Promotions,1087.82,
300040,2022-01-31,Operations,Rent,4056.21,
300041,2022-01-31,Operations,Shipping,1079.44,
300042,2022-01-31,People,Payroll,8533.02,
300043,2022-01-31,People,Benefits,1843.71,
300044,2022-01-31,IT,Software,695.74,
300045,2022-01-31,IT,Hardware,354.03,
300046,2022-01-31,IT,Software,122.35,
300047,2022-02-02,Marketing,Ads,762.61,
300048,2022-02-03,Marketing,Ads,509.78,
300049,2022-02-04,Marketing,Promotions,257.66,
300050,2022-02-06,Operations,Shipping,159.26,
300051,2022-02-07,Marketing,Ads,2000.53,
300052,2022-02-07,Marketing,Promotions,1210.34,
300053,2022-02-07,Operations,Rent,6473.43,
300054,2022-02-07,Operations,Shipping,948.95,
300055,2022-02-07,People,Payroll,8783.28,
300056,2022-02-07,People,Benefits,1708.29,
300057,2022-02-07,IT,Software,805.18,
300058,2022-02-07,IT,Hardware,400.84,
300059,2022-02-07,Operations,Shipping,199.94,
300060,2022-02-14,Marketing,Ads,1891.79,
300061,2022-02-14,Marketing,Promotions,1063.6,
300062,2022-02-14,Operations,Rent,5145.15,
300063,2022-02-14,Operations,Shipping,1055.5,
300064,2022-02-14,People,Payroll,8152.79,
300065,2022-02-14,People,Benefits,1512.08,
300066,2022-02-14,IT,Software,772.09,
300067,2022-02-14,IT,Hardware,384.61,
300068,2022-02-15,Marketing,Ads,374.23,
300069,2022-02-18,Operations,Shipping,168.49,
300070,2022-02-21,Marketing,Ads,2123.66,
300071,2022-02-21,Marketing,Promotions,1006.63,
300072,2022-02-21,Operations,Rent,4712.73,
300073,2022-02-21,Operations,Shipping,818.26,
300074,2022-02-21,People,Payroll,9196.32,
300075,2022-02-21,People,Benefits,1921.57,
300076,2022-02-21,IT,Software,801.4,
300077,2022-02-21,IT,Hardware,395.07,
300078,2022-02-28,Marketing,Ads,2465.06,
300079,2022-02-28,Marketing,Promotions,1202.47,
300080,2022-02-28,Operations,Rent,5173.03,
300081,2022-02-28,Operations,Shipping,902.4,
300082,2022-02-28,People,Payroll,6333.6,
300083,2022-02-28,People,Benefits,1993.3,
300084,2022-02-28,IT,Software,689.37,
300085,2022-02-28,IT,Hardware,415.62,
300086,2022-03-01,IT,Software,98.26,
300087,2022-03-07,Marketing,Ads,2031.26,
300088,2022-03-07,Marketing,Promotions,1125.68,
300089,2022-03-07,Operations,Rent,4965.26,
300090,2022-03-07,Operations,Shipping,824.55,
300091,2022-03-07,People,Payroll,7855.43,
300092,2022-03-07,People,Benefits,1913.06,
300093,2022-03-07,IT,Software,684.39,
300094,2022-03-07,IT,Hardware,413.24,
300095,2022-03-11,Operations,Shipping,145.34,
300096,2022-03-12,IT,Hardware,63.9,
300097,2022-03-14,Marketing,Ads,2967.44,
300098,2022-03-14,Marketing,Promotions,977.86,
300099,2022-03-14,Operations,Rent,5001.27,
300100,2022-03-14,Operations,Shipping,1179.09,
300101,2022-03-14,People,Payroll,8806.18,
300102,2022-03-14,People,Benefits,1863.14,
300103,2022-03-14,IT,Software,611.29,
300104,2022-03-14,IT,Hardware,383.03,
300105,2022-03-21,Marketing,Ads,2446.11,
300106,2022-03-21,Marketing,Promotions,1040.1,
300107,2022-03-21,Operations,Rent,5494.33,
300108,2022-03-21,Operations,Shipping,879.89,
300109,2022-03-21,People,Payroll,7363.11,
300110,2022-03-21,People,Benefits,1568.93,
300111,2022-03-21,IT,Software,738.74,
300112,2022-03-21,IT,Hardware,406.86,
300113,2022-03-21,Marketing,Ads,484.21,
300114,2022-03-28,Marketing,Ads,2355.92,
300115,2022-03-28,Marketing,Promotions,1377.7,
300116,2022-03-28,Operations,Rent,5348.32,
300117,2022-03-28,Operations,Shipping,979.19,
300118,2022-03-28,People,Payroll,9503.09,
300119,2022-03-28,People,Benefits,1756.47,
300120,2022-03-28,IT,Software,837.26,
300121,2022-03-28,IT,Hardware,434.07,
300122,2022-04-04,Marketing,Ads,2257.6,
300123,2022-04-04,Marketing,Promotions,1312.71,
300124,2022-04-04,Operations,Rent,4692.96,
300125,2022-04-04,Operations,Shipping,825.99,
300126,2022-04-04,People,Payroll,8104.11,
300127,2022-04-04,People,Benefits,1766.06,
300128,2022-04-04,IT,Software,754.2,
300129,2022-04-04,IT,Hardware,336.47,
300130,2022-04-09,IT,Software,59.29,
300131,2022-04-11,Marketing,Ads,2253.32,
300132,2022-04-11,Marketing,Promotions,1208.76,
300133,2022-04-11,Operations,Rent,5399.75,
300134,2022-04-11,Operations,Shipping,599.84,
300135,2022-04-11,People,Payroll,10573.5,
300136,2022-04-11,People,Benefits,1996.87,
300137,2022-04-11,IT,Software,688.45,
300138,2022-04-11,IT,Hardware,434.89,
300139,2022-04-18,Marketing,Ads,2335.25,
300140,2022-04-18,Marketing,Promotions,1287.83,
300141,2022-04-18,Operations,Rent,5213.8,
300142,2022-04-18,Operations,Shipping,626.55,
300143,2022-04-18,People,Payroll,7515.4,
300144,2022-04-18,People,Benefits,1195.1,
300145,2022-04-18,IT,Software,789.92,
300146,2022-04-18,IT,Hardware,366.8,
300147,2022-04-25,Marketing,Ads,2102.49,
300148,2022-04-25,Marketing,Promotions,1130.1,
300149,2022-04-25,Operations,Rent,5164.98,
300150,2022-04-25,Operations,Shipping,722.16,
300151,2022-04-25,People,Payroll,7278.76,
300152,2022-04-25,People,Benefits,1860.37,
300153,2022-04-25,IT,Software,634.28,
300154,2022-04-25,IT,Hardware,394.49,
300155,2022-05-02,Marketing,Ads,2453.43,
300156,2022-05-02,Marketing,Promotions,1305.88,
300157,2022-05-02,Operations,Rent,3764.29,
300158,2022-05-02,Operations,Shipping,770.41,
300159,2022-05-02,People,Payroll,8862.83,
300160,2022-05-02,People,Benefits,2269.39,
300161,2022-05-02,IT,Software,819.7,
300162,2022-05-02,IT,Hardware,463.29,
300163,2022-05-09,Marketing,Ads,2256.43,
300164,2022-05-09,Marketing,Promotions,1425.83,
300165,2022-05-09,Operations,Rent,4893.53,
300166,2022-05-09,Operations,Shipping,823.6,
300167,2022-05-09,People,Payroll,8775.45,
300168,2022-05-09,People,Benefits,1884.99,
300169,2022-05-09,IT,Software,780.0,
300170,2022-05-09,IT,Hardware,337.61,
300171,2022-05-16,Marketing,Ads,2034.7,
300172,2022-05-16,Marketing,Promotions,1037.68,
300173,2022-05-16,Operations,Rent,4644.37,
300174,2022-05-16,Operations,Shipping,799.62,
300175,2022-05-16,People,Payroll,7552.05,
300176,2022-05-16,People,Benefits,1727.28,
300177,2022-05-16,IT,Software,758.71,
300178,2022-05-16,IT,Hardware,435.72,
300179,2022-05-23,Marketing,Ads,2019.21,
300180,2022-05-23,Marketing,Promotions,1181.51,
300181,2022-05-23,Operations,Rent,5472.07,
300182,2022-05-23,Operations,Shipping,934.35,
300183,2022-05-23,People,Payroll,7769.7,
300184,2022-05-23,People,Benefits,1519.16,
300185,2022-05-23,IT,Software,524.12,
300186,2022-05-23,IT,Hardware,463.33,
300187,2022-05-30,Marketing,Ads,2282.9,
300188,2022-05-30,Marketing,Promotions,1265.53,
300189,2022-05-30,Operations,Rent,4427.1,
300190,2022-05-30,Operations,Shipping,934.86,
300191,2022-05-30,People,Payroll,5766.76,
300192,2022-05-30,People,Benefits,2112.81,
300193,2022-05-30,IT,Software,626.41,
300194,2022-05-30,IT,Hardware,402.85,
300195,2022-05-30,Operations,Shipping,189.66,
300196,2022-06-05,Marketing,Promotions,288.69,
300197,2022-06-06,Marketing,Ads,2165.91,
300198,2022-06-06,Marketing,Promotions,1167.66,
300199,2022-06-06,Operations,Rent,5202.27,
300200,2022-06-06,Operations,Shipping,889.84,
300201,2022-06-06,People,Payroll,8400.96,
300202,2022-06-06,People,Benefits,1715.22,
300203,2022-06-06,IT,Software,725.99,
300204,2022-06-06,IT,Hardware,404.39,
300205,2022-06-11,Marketing,Promotions,198.55,
300206,2022-06-13,Marketing,Ads,2367.21,
300207,2022-06-13,Marketing,Promotions,1071.45,
300208,2022-06-13,Operations,Rent,4446.32,
300209,2022-06-13,Operations,Shipping,1002.87,
300210,2022-06-13,People,Payroll,7009.98,
300211,2022-06-13,People,Benefits,1949.01,
300212,2022-06-13,IT,Software,860.99,
300213,2022-06-13,IT,Hardware,434.93,
300214,2022-06-17,IT,Software,122.62,
300215,2022-06-19,Marketing,Promotions,437.5,
300216,2022-06-20,Marketing,Ads,2452.99,
300217,2022-06-20,Marketing,Promotions,1020.21,
300218,2022-06-20,Operations,Rent,5071.02,
300219,2022-06-20,Operations,Shipping,978.94,
300220,2022-06-20,People,Payroll,8425.02,
300221,2022-06-20,People,Benefits,1774.99,
300222,2022-06-20,IT,Software,632.16,
300223,2022-06-20,IT,Hardware,431.23,
300224,2022-06-27,Marketing,Ads,2231.99,
300225,2022-06-27,Marketing,Promotions,967.22,
300226,2022-06-27,Operations,Rent,4792.05,
300227,2022-06-27,Operations,Shipping,905.24,
300228,2022-06-27,People,Payroll,8852.7,
300229,2022-06-27,People,Benefits,1815.39,
300230,2022-06-27,IT,Software,829.58,
300231,2022-06-27,IT,Hardware,334.48,
300232,2022-07-04,Marketing,Ads,2155.71,
300233,2022-07-04,Marketing,Promotions,1330.52,
300234,2022-07-04,Operations,Rent,5081.61,
300235,2022-07-04,Operations,Shipping,849.78,
300236,2022-07-04,People,Payroll,8162.74,
300237,2022-07-04,People,Benefits,1845.64,
300238,2022-07-04,IT,Software,697.21,
300239,2022-07-04,IT,Hardware,426.29,
300240,2022-07-11,Marketing,Ads,2601.34,
300241,2022-07-11,Marketing,Promotions,1202.28,
300242,2022-07-11,Operations,Rent,4993.95,
300243,2022-07-11,Operations,Shipping,826.52,
300244,2022-07-11,People,Payroll,9280.57,
300245,2022-07-11,People,Benefits,1529.23,
300246,2022-07-11,IT,Software,670.8,
300247,2022-07-11,IT,Hardware,327.87,
300248,2022-07-12,Marketing,Ads,356.69,
300249,2022-07-17,IT,Hardware,50.73,
300250,2022-07-18,Marketing,Ads,2384.49,
300251,2022-07-18,Marketing,Promotions,1284.47,
300252,2022-07-18,Operations,Rent,4919.11,
300253,2022-07-18,Operations,Shipping,785.19,
300254,2022-07-18,People,Payroll,7203.76,
300255,2022-07-18,People,Benefits,1414.0,
300256,2022-07-18,IT,Software,669.39,
300257,2022-07-18,IT,Hardware,430.09,
300258,2022-07-18,Marketing,Promotions,223.41,
300259,2022-07-20,IT,Software,100.88,
300260,2022-07-25,Marketing,Ads,2188.06,
300261,2022-07-25,Marketing,Promotions,997.42,
300262,2022-07-25,Operations,Rent,4364.3,
300263,2022-07-25,Operations,Shipping,943.05,
300264,2022-07-25,People,Payroll,9595.32,
300265,2022-07-25,People,Benefits,1663.7,
300266,2022-07-25,IT,Software,809.53,
300267,2022-07-25,IT,Hardware,417.83,
300268,2022-07-26,Marketing,Promotions,434.36,
300269,2022-08-01,Marketing,Ads,2355.51,
300270,2022-08-01,Marketing,Promotions,1110.01,
300271,2022-08-01,Operations,Rent,6092.02,
300272,2022-08-01,Operations,Shipping,898.48,
300273,2022-08-01,People,Payroll,8549.28,
300274,2022-08-01,People,Benefits,1975.06,
300275,2022-08-01,IT,Software,816.58,
300276,2022-08-01,IT,Hardware,442.86,
300277,2022-08-08,Marketing,Ads,2069.85,
300278,2022-08-08,Marketing,Promotions,1129.6,
300279,2022-08-08,Operations,Rent,6018.33,
300280,2022-08-08,Operations,Shipping,816.8,
300281,2022-08-08,People,Payroll,7284.17,
300282,2022-08-08,People,Benefits,1987.59,
300283,2022-08-08,IT,Software,934.58,
300284,2022-08-08,IT,Hardware,331.55,
300285,2022-08-09,Operations,Shipping,97.81,
300286,2022-08-15,Marketing,Ads,1850.59,
300287,2022-08-15,Marketing,Promotions,1296.54,
300288,2022-08-15,Operations,Rent,4673.92,
300289,2022-08-15,Operations,Shipping,1021.54,
300290,2022-08-15,People,Payroll,9190.61,
300291,2022-08-15,People,Benefits,1721.83,
300292,2022-08-15,IT,Software,702.3,
300293,2022-08-15,IT,Hardware,297.34,
300294,2022-08-15,Marketing,Promotions,313.4,
300295,2022-08-17,Marketing,Ads,500.66,
300296,2022-08-22,Marketing,Ads,2159.56,
300297,2022-08-22,Marketing,Promotions,985.68,
300298,2022-08-22,Operations,Rent,4410.93,
300299,2022-08-22,Operations,Shipping,775.83,
300300,2022-08-22,People,Payroll,8182.72,
300301,2022-08-22,People,Benefits,1661.32,
300302,2022-08-22,IT,Software,718.36,
300303,2022-08-22,IT,Hardware,425.13,
300304,2022-08-27,Operations,Shipping,225.1,
300305,2022-08-29,Marketing,Ads,2746.56,
300306,2022-08-29,Marketing,Promotions,1183.82,
300307,2022-08-29,Operations,Rent,4674.61,
300308,2022-08-29,Operations,Shipping,893.02,
300309,2022-08-29,People,Payroll,6635.92,
300310,2022-08-29,People,Benefits,1795.89,
300311,2022-08-29,IT,Software,716.98,
300312,2022-08-29,IT,Hardware,341.84,
300313,2022-08-30,Marketing,Promotions,262.57,
300314,2022-09-01,Operations,Shipping,267.5,
300315,2022-09-05,Marketing,Ads,2487.77,
300316,2022-09-05,Marketing,Promotions,1104.25,
300317,2022-09-05,Operations,Rent,5393.37,
300318,2022-09-05,Operations,Shipping,817.85,
300319,2022-09-05,People,Payroll,7415.42,
300320,2022-09-05,People,Benefits,1891.78,
300321,2022-09-05,IT,Software,876.17,
300322,2022-09-05,IT,Hardware,358.14,
300323,2022-09-09,Marketing,Promotions,252.72,
300324,2022-09-11,IT,Software,92.24,
300325,2022-09-12,Marketing,Ads,2364.43,
300326,2022-09-12,Marketing,Promotions,1150.56,
300327,2022-09-12,Operations,Rent,5867.7,
300328,2022-09-12,Operations,Shipping,728.06,
300329,2022-09-12,People,Payroll,8117.4,
300330,2022-09-12,People,Benefits,2085.1,
300331,2022-09-12,IT,Software,833.92,
300332,2022-09-12,IT,Hardware,377.61,
300333,2022-09-19,Marketing,Ads,2200.45,
300334,2022-09-19,Marketing,Promotions,984.92,
300335,2022-09-19,Operations,Rent,4958.35,
300336,2022-09-19,Operations,Shipping,746.99,
300337,2022-09-19,People,Payroll,7823.74,
300338,2022-09-19,People,Benefits,1687.73,
300339,2022-09-19,IT,Software,886.28,
300340,2022-09-19,IT,Hardware,441.15,
300341,2022-09-19,IT,Hardware,50.91,
300342,2022-09-26,Marketing,Ads,2124.75,
300343,2022-09-26,Marketing,Promotions,1309.54,
300344,2022-09-26,Operations,Rent,4708.35,
300345,2022-09-26,Operations,Shipping,1158.48,
300346,2022-09-26,People,Payroll,8183.86,
300347,2022-09-26,People,Benefits,1831.01,
300348,2022-09-26,IT,Software,819.23,
300349,2022-09-26,IT,Hardware,515.37,
300350,2022-10-03,Marketing,Ads,3174.87,
300351,2022-10-03,Marketing,Promotions,1778.18,
300352,2022-10-03,Operations,Rent,5751.68,
300353,2022-10-03,Operations,Shipping,845.4,
300354,2022-10-03,People,Payroll,7024.03,
300355,2022-10-03,People,Benefits,1904.99,
300356,2022-10-03,IT,Software,769.95,
300357,2022-10-03,IT,Hardware,313.2,
300358,2022-10-10,Marketing,Ads,2455.43,
300359,2022-10-10,Marketing,Promotions,1458.64,
300360,2022-10-10,Operations,Rent,5141.86,
300361,2022-10-10,Operations,Shipping,958.86,
300362,2022-10-10,People,Payroll,9876.84,
300363,2022-10-10,People,Benefits,1844.62,
300364,2022-10-10,IT,Software,801.84,
300365,2022-10-10,IT,Hardware,404.35,
300366,2022-10-17,Marketing,Ads,2725.99,
300367,2022-10-17,Marketing,Promotions,1512.9,
300368,2022-10-17,Operations,Rent,5196.41,
300369,2022-10-17,Operations,Shipping,675.31,
300370,2022-10-17,People,Payroll,10836.49,
300371,2022-10-17,People,Benefits,1607.79,
300372,2022-10-17,IT,Software,602.56,
300373,2022-10-17,IT,Hardware,334.5,
300374,2022-10-17,Operations,Shipping,136.91,
300375,2022-10-23,Marketing,Promotions,329.12,
300376,2022-10-24,Marketing,Ads,2690.2,
300377,2022-10-24,Marketing,Promotions,1750.87,
300378,2022-10-24,Operations,Rent,5226.34,
300379,2022-10-24,Operations,Shipping,886.53,
300380,2022-10-24,People,Payroll,8675.98,
300381,2022-10-24,People,Benefits,1678.36,
300382,2022-10-24,IT,Software,869.94,
300383,2022-10-24,IT,Hardware,444.64,
300384,2022-10-31,Marketing,Ads,2926.75,
300385,2022-10-31,Marketing,Promotions,1585.13,
300386,2022-10-31,Operations,Rent,3873.97,
300387,2022-10-31,Operations,Shipping,736.94,
300388,2022-10-31,People,Payroll,8768.4,
300389,2022-10-31,People,Benefits,2359.79,
300390,2022-10-31,IT,Software,865.6,
300391,2022-10-31,IT,Hardware,312.36,
300392,2022-11-03,Operations,Shipping,151.38,
300393,2022-11-07,Marketing,Ads,2968.71,
300394,2022-11-07,Marketing,Promotions,1621.04,
300395,2022-11-07,Operations,Rent,5055.97,
300396,2022-11-07,Operations,Shipping,1042.55,
300397,2022-11-07,People,Payroll,9408.47,
300398,2022-11-07,People,Benefits,2054.21,
300399,2022-11-07,IT,Software,566.79,
300400,2022-11-07,IT,Hardware,420.67,
300401,2022-11-08,IT,Hardware,77.72,
300402,2022-11-14,Marketing,Ads,2886.79,
300403,2022-11-14,Marketing,Promotions,1584.47,
300404,2022-11-14,Operations,Rent,5171.77,
300405,2022-11-14,Operations,Shipping,1086.78,
300406,2022-11-14,People,Payroll,8769.41,
300407,2022-11-14,People,Benefits,1908.36,
300408,2022-11-14,IT,Software,837.04,
300409,2022-11-14,IT,Hardware,391.73,
300410,2022-11-14,IT,Software,82.21,
300411,2022-11-19,Operations,Shipping,182.68,
300412,2022-11-21,Marketing,Ads,3248.64,
300413,2022-11-21,Marketing,Promotions,1753.61,
300414,2022-11-21,Operations,Rent,5353.46,
300415,2022-11-21,Operations,Shipping,926.35,
300416,2022-11-21,People,Payroll,8688.85,
300417,2022-11-21,People,Benefits,2136.07,
300418,2022-11-21,IT,Software,816.01,
300419,2022-11-21,IT,Hardware,397.38,
300420,2022-11-28,Marketing,Ads,3029.57,
300421,2022-11-28,Marketing,Promotions,1733.5,
300422,2022-11-28,Operations,Rent,5759.67,
300423,2022-11-28,Operations,Shipping,833.38,
300424,2022-11-28,People,Payroll,9060.22,
300425,2022-11-28,People,Benefits,1929.12,
300426,2022-11-28,IT,Software,766.44,
300427,2022-11-28,IT,Hardware,317.82,
300428,2022-12-05,Marketing,Ads,3117.85,
300429,2022-12-05,Marketing,Promotions,1552.47,
300430,2022-12-05,Operations,Rent,5575.37,
300431,2022-12-05,Operations,Shipping,886.49,
300432,2022-12-05,People,Payroll,8943.37,
300433,2022-12-05,People,Benefits,1603.02,
300434,2022-12-05,IT,Software,702.64,
300435,2022-12-05,IT,Hardware,329.49,
300436,2022-12-12,Marketing,Ads,2759.47,
300437,2022-12-12,Marketing,Promotions,1485.77,
300438,2022-12-12,Operations,Rent,4960.43,
300439,2022-12-12,Operations,Shipping,829.71,
300440,2022-12-12,People,Payroll,7440.46,
300441,2022-12-12,People,Benefits,2072.53,
300442,2022-12-12,IT,Software,700.7,
300443,2022-12-12,IT,Hardware,372.79,
300444,2022-12-19,Marketing,Ads,2591.54,
300445,2022-12-19,Marketing,Promotions,1559.23,
300446,2022-12-19,Operations,Rent,4335.35,
300447,2022-12-19,Operations,Shipping,812.87,
300448,2022-12-19,People,Payroll,9928.41,
300449,2022-12-19,People,Benefits,2115.83,
300450,2022-12-19,IT,Software,687.16,
300451,2022-12-19,IT,Hardware,368.07,
300452,2022-12-26,Marketing,Ads,3136.09,
300453,2022-12-26,Marketing,Promotions,1589.43,
300454,2022-12-26,Operations,Rent,4820.05,
300455,2022-12-26,Operations,Shipping,1078.8,
300456,2022-12-26,People,Payroll,8513.95,
300457,2022-12-26,People,Benefits,1887.47,
300458,2022-12-26,IT,Software,919.61,
300459,2022-12-26,IT,Hardware,425.78,
300460,2022-12-26,Marketing,Ads,552.37,
300461,2022-12-27,Operations,Shipping,193.13,
300462,2023-01-02,Marketing,Ads,2723.23,
300463,2023-01-02,Marketing,Promotions,1088.96,
300464,2023-01-02,Operations,Rent,4803.7,
300465,2023-01-02,Operations,Shipping,896.34,
300466,2023-01-02,People,Payroll,8130.0,
300467,2023-01-02,People,Benefits,1419.37,
300468,2023-01-02,IT,Software,758.43,
300469,2023-01-02,IT,Hardware,424.77,
300470,2023-01-02,Marketing,Ads,473.63,
300471,2023-01-09,Marketing,Ads,2070.75,
300472,2023-01-09,Marketing,Promotions,1341.77,
300473,2023-01-09,Operations,Rent,5718.12,
300474,2023-01-09,Operations,Shipping,863.35,
300475,2023-01-09,People,Payroll,11158.57,
300476,2023-01-09,People,Benefits,1606.78,
300477,2023-01-09,IT,Software,648.34,
300478,2023-01-09,IT,Hardware,362.74,
300479,2023-01-10,IT,Software,66.9,
300480,2023-01-16,Marketing,Ads,2118.13,
300481,2023-01-16,Marketing,Promotions,1194.43,
300482,2023-01-16,Operations,Rent,5038.08,
300483,2023-01-16,Operations,Shipping,979.1,
300484,2023-01-16,People,Payroll,7555.19,
300485,2023-01-16,People,Benefits,1772.12,
300486,2023-01-16,IT,Software,758.22,
300487,2023-01-16,IT,Hardware,386.74,
300488,2023-01-23,Marketing,Ads,1856.01,
300489,2023-01-23,Marketing,Promotions,1107.25,
300490,2023-01-23,Operations,Rent,5141.39,
300491,2023-01-23,Operations,Shipping,863.25,
300492,2023-01-23,People,Payroll,7864.9,
300493,2023-01-23,People,Benefits,1985.65,
300494,2023-01-23,IT,Software,653.45,
300495,2023-01-23,IT,Hardware,321.9,
300496,2023-01-30,Marketing,Ads,2241.31,
300497,2023-01-30,Marketing,Promotions,954.44,
300498,2023-01-30,Operations,Rent,3895.97,
300499,2023-01-30,Operations,Shipping,760.53,
300500,2023-01-30,People,Payroll,9747.35,
300501,2023-01-30,People,Benefits,1744.8,
300502,2023-01-30,IT,Software,701.01,
300503,2023-01-30,IT,Hardware,424.1,
300504,2023-02-02,Marketing,Promotions,365.11,
300505,2023-02-05,Operations,Shipping,195.63,
300506,2023-02-06,Marketing,Ads,2165.24,
300507,2023-02-06,Marketing,Promotions,1103.21,
300508,2023-02-06,Operations,Rent,4208.91,
300509,2023-02-06,Operations,Shipping,1020.81,
300510,2023-02-06,People,Payroll,9234.81,
300511,2023-02-06,People,Benefits,1807.29,
300512,2023-02-06,IT,Software,657.34,
300513,2023-02-06,IT,Hardware,433.01,
300514,2023-02-13,Marketing,Ads,2384.32,
300515,2023-02-13,Marketing,Promotions,1354.43,
300516,2023-02-13,Operations,Rent,4425.17,
300517,2023-02-13,Operations,Shipping,899.78,
300518,2023-02-13,People,Payroll,8437.65,
300519,2023-02-13,People,Benefits,1777.62,
300520,2023-02-13,IT,Software,809.9,
300521,2023-02-13,IT,Hardware,430.52,
300522,2023-02-20,Marketing,Ads,2596.73,
300523,2023-02-20,Marketing,Promotions,1012.18,
300524,2023-02-20,Operations,Rent,4327.83,
300525,2023-02-20,Operations,Shipping,945.77,
300526,2023-02-20,People,Payroll,7914.81,
300527,2023-02-20,People,Benefits,2070.0,
300528,2023-02-20,IT,Software,817.65,
300529,2023-02-20,IT,Hardware,424.01,
300530,2023-02-22,Operations,Shipping,177.16,
300531,2023-02-24,IT,Hardware,42.81,
300532,2023-02-25,IT,Software,89.6,
300533,2023-02-26,IT,Hardware,48.87,
300534,2023-02-27,Marketing,Ads,1948.92,
300535,2023-02-27,Marketing,Promotions,1246.55,
300536,2023-02-27,Operations,Rent,6133.64,
300537,2023-02-27,Operations,Shipping,1085.7,
300538,2023-02-27,People,Payroll,9439.8,
300539,2023-02-27,People,Benefits,1865.06,
300540,2023-02-27,IT,Software,730.23,
300541,2023-02-27,IT,Hardware,387.65,
300542,2023-03-06,Marketing,Ads,2263.51,
300543,2023-03-06,Marketing,Promotions,1278.24,
300544,2023-03-06,Operations,Rent,6760.41,
300545,2023-03-06,Operations,Shipping,1033.66,
300546,2023-03-06,People,Payroll,9661.51,
300547,2023-03-06,People,Benefits,2084.5,
300548,2023-03-06,IT,Software,795.03,
300549,2023-03-06,IT,Hardware,323.45,
300550,2023-03-07,Operations,Shipping,155.51,
300551,2023-03-13,Marketing,Ads,2087.21,
300552,2023-03-13,Marketing,Promotions,1272.33,
300553,2023-03-13,Operations,Rent,5428.31,
300554,2023-03-13,Operations,Shipping,958.21,
300555,2023-03-13,People,Payroll,9095.5,
300556,2023-03-13,People,Benefits,1967.1,
300557,2023-03-13,IT,Software,588.22,
300558,2023-03-13,IT,Hardware,417.96,
300559,2023-03-14,IT,Software,102.66,
300560,2023-03-20,Marketing,Ads,2298.23,
300561,2023-03-20,Marketing,Promotions,1144.12,
300562,2023-03-20,Operations,Rent,5884.04,
300563,2023-03-20,Operations,Shipping,836.43,
300564,2023-03-20,People,Payroll,10861.33,
300565,2023-03-20,People,Benefits,1533.36,
300566,2023-03-20,IT,Software,814.2,
300567,2023-03-20,IT,Hardware,394.66,
300568,2023-03-21,IT,Software,63.94,
300569,2023-03-24,Operations,Shipping,197.7,
300570,2023-03-27,Marketing,Ads,2565.91,
300571,2023-03-27,Marketing,Promotions,949.62,
300572,2023-03-27,Operations,Rent,5281.66,
300573,2023-03-27,Operations,Shipping,1085.07,
300574,2023-03-27,People,Payroll,9621.87,
300575,2023-03-27,People,Benefits,1560.77,
300576,2023-03-27,IT,Software,685.59,
300577,2023-03-27,IT,Hardware,394.94,
300578,2023-04-03,Marketing,Ads,1943.86,
300579,2023-04-03,Marketing,Promotions,1280.75,
300580,2023-04-03,Operations,Rent,4567.06,
300581,2023-04-03,Operations,Shipping,797.2,
300582,2023-04-03,People,Payroll,9236.15,
300583,2023-04-03,People,Benefits,2056.73,
300584,2023-04-03,IT,Software,760.23,
300585,2023-04-03,IT,Hardware,319.42,
300586,2023-04-10,Marketing,Ads,2265.36,
300587,2023-04-10,Marketing,Promotions,1205.96,
300588,2023-04-10,Operations,Rent,4195.0,
300589,2023-04-10,Operations,Shipping,1043.89,
300590,2023-04-10,People,Payroll,8345.86,
300591,2023-04-10,People,Benefits,1579.79,
300592,2023-04-10,IT,Software,691.69,
300593,2023-04-10,IT,Hardware,466.12,
300594,2023-04-12,IT,Hardware,67.37,
300595,2023-04-17,Marketing,Ads,2107.51,
300596,2023-04-17,Marketing,Promotions,988.69,
300597,2023-04-17,Operations,Rent,4643.09,
300598,2023-04-17,Operations,Shipping,662.23,
300599,2023-04-17,People,Payroll,7822.94,
300600,2023-04-17,People,Benefits,1536.6,
300601,2023-04-17,IT,Software,743.15,
300602,2023-04-17,IT,Hardware,390.94,
300603,2023-04-21,Marketing,Promotions,223.91,
300604,2023-04-24,Marketing,Ads,1955.95,
300605,2023-04-24,Marketing,Promotions,1481.67,
300606,2023-04-24,Operations,Rent,3805.86,
300607,2023-04-24,Operations,Shipping,917.76,
300608,2023-04-24,People,Payroll,7628.13,
300609,2023-04-24,People,Benefits,1299.78,
300610,2023-04-24,IT,Software,833.66,
300611,2023-04-24,IT,Hardware,403.59,
300612,2023-04-27,Marketing,Ads,619.28,
300613,2023-04-28,Marketing,Promotions,371.34,
300614,2023-05-01,Marketing,Ads,2307.83,
300615,2023-05-01,Marketing,Promotions,1362.55,
300616,2023-05-01,Operations,Rent,5199.59,
300617,2023-05-01,Operations,Shipping,997.07,
300618,2023-05-01,People,Payroll,8595.73,
300619,2023-05-01,People,Benefits,1818.67,
300620,2023-05-01,IT,Software,867.1,
300621,2023-05-01,IT,Hardware,404.26,
300622,2023-05-08,Marketing,Ads,1975.69,
300623,2023-05-08,Marketing,Promotions,1169.16,
300624,2023-05-08,Operations,Rent,4174.2,
300625,2023-05-08,Operations,Shipping,687.57,
300626,2023-05-08,People,Payroll,8419.3,
300627,2023-05-08,People,Benefits,1972.29,
300628,2023-05-08,IT,Software,609.08,
300629,2023-05-08,IT,Hardware,507.0,
300630,2023-05-14,IT,Software,91.83,
300631,2023-05-15,Marketing,Ads,2128.81,
300632,2023-05-15,Marketing,Promotions,1167.49,
300633,2023-05-15,Operations,Rent,4301.37,
300634,2023-05-15,Operations,Shipping,1064.23,
300635,2023-05-15,People,Payroll,6652.31,
300636,2023-05-15,People,Benefits,2169.04,
300637,2023-05-15,IT,Software,679.05,
300638,2023-05-15,IT,Hardware,319.16,
300639,2023-05-22,Marketing,Ads,2121.1,
300640,2023-05-22,Marketing,Promotions,1568.19,
300641,2023-05-22,Operations,Rent,4819.65,
300642,2023-05-22,Operations,Shipping,888.83,
300643,2023-05-22,People,Payroll,8092.36,
300644,2023-05-22,People,Benefits,2055.67,
300645,2023-05-22,IT,Software,757.46,
300646,2023-05-22,IT,Hardware,356.73,
300647,2023-05-29,Marketing,Ads,2242.01,
300648,2023-05-29,Marketing,Promotions,1215.42,
300649,2023-05-29,Operations,Rent,5687.49,
300650,2023-05-29,Operations,Shipping,710.1,
300651,2023-05-29,People,Payroll,8336.47,
300652,2023-05-29,People,Benefits,1642.36,
300653,2023-05-29,IT,Software,693.12,
300654,2023-05-29,IT,Hardware,417.81,
300655,2023-05-30,Marketing,Promotions,174.52,
300656,2023-06-05,Marketing,Ads,1981.65,
300657,2023-06-05,Marketing,Promotions,1124.84,
300658,2023-06-05,Operations,Rent,5528.7,
300659,2023-06-05,Operations,Shipping,961.63,
300660,2023-06-05,People,Payroll,8962.92,
300661,2023-06-05,People,Benefits,2020.85,
300662,2023-06-05,IT,Software,650.16,
300663,2023-06-05,IT,Hardware,443.66,
300664,2023-06-05,IT,Software,103.76,
300665,2023-06-08,IT,Software,102.57,
300666,2023-06-12,Marketing,Ads,1745.52,
300667,2023-06-12,Marketing,Promotions,1346.12,
300668,2023-06-12,Operations,Rent,5208.78,
300669,2023-06-12,Operations,Shipping,947.19,
300670,2023-06-12,People,Payroll,8045.75,
300671,2023-06-12,People,Benefits,1429.59,
300672,2023-06-12,IT,Software,858.39,
300673,2023-06-12,IT,Hardware,434.69,
300674,2023-06-18,IT,Hardware,68.5,
300675,2023-06-19,Marketing,Ads,2085.92,
300676,2023-06-19,Marketing,Promotions,1303.07,
300677,2023-06-19,Operations,Rent,4727.8,
300678,2023-06-19,Operations,Shipping,872.85,
300679,2023-06-19,People,Payroll,7633.96,
300680,2023-06-19,People,Benefits,1795.0,
300681,2023-06-19,IT,Software,753.41,
300682,2023-06-19,IT,Hardware,460.39,
300683,2023-06-22,Marketing,Ads,293.02,
300684,2023-06-25,Marketing,Promotions,208.78,
300685,2023-06-26,Marketing,Ads,2269.22,
300686,2023-06-26,Marketing,Promotions,1142.73,
300687,2023-06-26,Operations,Rent,5027.59,
300688,2023-06-26,Operations,Shipping,907.67,
300689,2023-06-26,People,Payroll,6550.05,
300690,2023-06-26,People,Benefits,1677.75,
300691,2023-06-26,IT,Software,708.59,
300692,2023-06-26,IT,Hardware,395.82,
300693,2023-07-03,Marketing,Ads,2932.87,
300694,2023-07-03,Marketing,Promotions,1045.84,
300695,2023-07-03,Operations,Rent,5551.28,
300696,2023-07-03,Operations,Shipping,936.7,
300697,2023-07-03,People,Payroll,8175.64,
300698,2023-07-03,People,Benefits,1875.95,
300699,2023-07-03,IT,Software,856.25,
300700,2023-07-03,IT,Hardware,386.15,
300701,2023-07-04,Marketing,Promotions,305.96,
300702,2023-07-10,Marketing,Ads,2127.42,
300703,2023-07-10,Marketing,Promotions,1235.93,
300704,2023-07-10,Operations,Rent,4183.96,
300705,2023-07-10,Operations,Shipping,806.34,
300706,2023-07-10,People,Payroll,9377.59,
300707,2023-07-10,People,Benefits,1679.62,
300708,2023-07-10,IT,Software,652.49,
300709,2023-07-10,IT,Hardware,418.37,
300710,2023-07-17,Marketing,Ads,2092.2,
300711,2023-07-17,Marketing,Promotions,986.15,
300712,2023-07-17,Operations,Rent,5582.56,
300713,2023-07-17,Operations,Shipping,867.1,
300714,2023-07-17,People,Payroll,9063.95,
300715,2023-07-17,People,Benefits,1890.47,
300716,2023-07-17,IT,Software,794.17,
300717,2023-07-17,IT,Hardware,388.99,
300718,2023-07-24,Marketing,Ads,2321.16,
300719,2023-07-24,Marketing,Promotions,1071.12,
300720,2023-07-24,Operations,Rent,5222.75,
300721,2023-07-24,Operations,Shipping,847.64,
300722,2023-07-24,People,Payroll,7965.57,
300723,2023-07-24,People,Benefits,2096.79,
300724,2023-07-24,IT,Software,639.98,
300725,2023-07-24,IT,Hardware,405.26,
300726,2023-07-26,IT,Software,91.6,
300727,2023-07-31,Marketing,Ads,2370.28,
300728,2023-07-31,Marketing,Promotions,1297.08,
300729,2023-07-31,Operations,Rent,4448.29,
300730,2023-07-31,Operations,Shipping,779.99,
300731,2023-07-31,People,Payroll,8999.93,
300732,2023-07-31,People,Benefits,1841.14,
300733,2023-07-31,IT,Software,923.77,
300734,2023-07-31,IT,Hardware,430.46,
300735,2023-08-06,IT,Hardware,53.54,
300736,2023-08-07,Marketing,Ads,1879.57,
300737,2023-08-07,Marketing,Promotions,1374.82,
300738,2023-08-07,Operations,Rent,5034.05,
300739,2023-08-07,Operations,Shipping,564.47,
300740,2023-08-07,People,Payroll,9096.57,
300741,2023-08-07,People,Benefits,1791.7,
300742,2023-08-07,IT,Software,702.64,
300743,2023-08-07,IT,Hardware,412.3,
300744,2023-08-10,Marketing,Ads,450.85,
300745,2023-08-14,Marketing,Ads,1900.55,
300746,2023-08-14,Marketing,Promotions,1165.35,
300747,2023-08-14,Operations,Rent,5338.59,
300748,2023-08-14,Operations,Shipping,861.55,
300749,2023-08-14,People,Payroll,8274.68,
300750,2023-08-14,People,Benefits,1977.6,
300751,2023-08-14,IT,Software,635.7,
300752,2023-08-14,IT,Hardware,436.08,
300753,2023-08-18,Marketing,Promotions,163.28,
300754,2023-08-21,Marketing,Ads,2366.79,
300755,2023-08-21,Marketing,Promotions,1125.68,
300756,2023-08-21,Operations,Rent,5800.72,
300757,2023-08-21,Operations,Shipping,763.18,
300758,2023-08-21,People,Payroll,7288.01,
300759,2023-08-21,People,Benefits,1668.69,
300760,2023-08-21,IT,Software,674.6,
300761,2023-08-21,IT,Hardware,415.43,
300762,2023-08-28,Marketing,Ads,2193.47,
300763,2023-08-28,Marketing,Promotions,1235.62,
300764,2023-08-28,Operations,Rent,5501.59,
300765,2023-08-28,Operations,Shipping,1165.09,
300766,2023-08-28,People,Payroll,7851.86,
300767,2023-08-28,People,Benefits,1631.01,
300768,2023-08-28,IT,Software,790.71,
300769,2023-08-28,IT,Hardware,407.77,
300770,2023-09-04,Marketing,Ads,2238.52,
300771,2023-09-04,Marketing,Promotions,964.38,
300772,2023-09-04,Operations,Rent,4540.82,
300773,2023-09-04,Operations,Shipping,990.04,
300774,2023-09-04,People,Payroll,10657.53,
300775,2023-09-04,People,Benefits,2117.33,
300776,2023-09-04,IT,Software,906.71,
300777,2023-09-04,IT,Hardware,391.99,
300778,2023-09-04,Operations,Shipping,195.43,
300779,2023-09-11,Marketing,Ads,1983.52,
300780,2023-09-11,Marketing,Promotions,1077.26,
300781,2023-09-11,Operations,Rent,4978.27,
300782,2023-09-11,Operations,Shipping,920.41,
300783,2023-09-11,People,Payroll,7878.13,
300784,2023-09-11,People,Benefits,2104.43,
300785,2023-09-11,IT,Software,998.97,
300786,2023-09-11,IT,Hardware,568.36,
300787,2023-09-17,Marketing,Ads,647.19,
300788,2023-09-18,Marketing,Ads,2440.49,
300789,2023-09-18,Marketing,Promotions,1253.28,
300790,2023-09-18,Operations,Rent,4819.85,
300791,2023-09-18,Operations,Shipping,995.14,
300792,2023-09-18,People,Payroll,10058.46,
300793,2023-09-18,People,Benefits,1852.04,
300794,2023-09-18,IT,Software,778.61,
300795,2023-09-18,IT,Hardware,334.75,
300796,2023-09-25,Marketing,Ads,2365.11,
300797,2023-09-25,Marketing,Promotions,1128.04,
300798,2023-09-25,Operations,Rent,4132.2,
300799,2023-09-25,Operations,Shipping,1015.44,
300800,2023-09-25,People,Payroll,8860.28,
300801,2023-09-25,People,Benefits,2012.91,
300802,2023-09-25,IT,Software,851.45,
300803,2023-09-25,IT,Hardware,362.36,
300804,2023-10-02,Marketing,Ads,3144.32,
300805,2023-10-02,Marketing,Promotions,1711.81,
300806,2023-10-02,Operations,Rent,4294.98,
300807,2023-10-02,Operations,Shipping,786.25,
300808,2023-10-02,People,Payroll,8951.33,
300809,2023-10-02,People,Benefits,1523.44,
300810,2023-10-02,IT,Software,682.09,
300811,2023-10-02,IT,Hardware,453.16,
300812,2023-10-05,IT,Hardware,69.87,
300813,2023-10-09,Marketing,Ads,2728.62,
300814,2023-10-09,Marketing,Promotions,1687.91,
300815,2023-10-09,Operations,Rent,4482.97,
300816,2023-10-09,Operations,Shipping,947.45,
300817,2023-10-09,People,Payroll,9595.33,
300818,2023-10-09,People,Benefits,2060.74,
300819,2023-10-09,IT,Software,732.08,
300820,2023-10-09,IT,Hardware,435.36,
300821,2023-10-10,Marketing,Ads,438.33,
300822,2023-10-13,Marketing,Promotions,328.71,
300823,2023-10-16,Marketing,Ads,2423.85,
300824,2023-10-16,Marketing,Promotions,1893.82,
300825,2023-10-16,Operations,Rent,4924.86,
300826,2023-10-16,Operations,Shipping,911.36,
300827,2023-10-16,People,Payroll,7505.62,
300828,2023-10-16,People,Benefits,1458.96,
300829,2023-10-16,IT,Software,791.51,
300830,2023-10-16,IT,Hardware,383.41,
300831,2023-10-23,Marketing,Ads,2979.85,
300832,2023-10-23,Marketing,Promotions,1462.73,
300833,2023-10-23,Operations,Rent,5554.17,
300834,2023-10-23,Operations,Shipping,861.53,
300835,2023-10-23,People,Payroll,8701.96,
300836,2023-10-23,People,Benefits,1642.45,
300837,2023-10-23,IT,Software,828.81,
300838,2023-10-23,IT,Hardware,458.3,
300839,2023-10-25,Operations,Shipping,272.51,
300840,2023-10-30,Marketing,Ads,2550.35,
300841,2023-10-30,Marketing,Promotions,1768.72,
300842,2023-10-30,Operations,Rent,5160.17,
300843,2023-10-30,Operations,Shipping,843.19,
300844,2023-10-30,People,Payroll,8289.28,
300845,2023-10-30,People,Benefits,2092.86,
300846,2023-10-30,IT,Software,789.57,
300847,2023-10-30,IT,Hardware,399.16,
300848,2023-11-06,Marketing,Ads,2991.14,
300849,2023-11-06,Marketing,Promotions,1340.45,
300850,2023-11-06,Operations,Rent,4820.94,
300851,2023-11-06,Operations,Shipping,837.73,
300852,2023-11-06,People,Payroll,7358.04,
300853,2023-11-06,People,Benefits,1729.17,
300854,2023-11-06,IT,Software,836.4,
300855,2023-11-06,IT,Hardware,367.14,
300856,2023-11-12,Marketing,Ads,709.13,
300857,2023-11-13,Marketing,Ads,3132.03,
300858,2023-11-13,Marketing,Promotions,1775.95,
300859,2023-11-13,Operations,Rent,4948.77,
300860,2023-11-13,Operations,Shipping,881.6,
300861,2023-11-13,People,Payroll,9306.19,
300862,2023-11-13,People,Benefits,2179.5,
300863,2023-11-13,IT,Software,1018.8,
300864,2023-11-13,IT,Hardware,411.01,
300865,2023-11-17,Operations,Shipping,195.21,
300866,2023-11-19,Marketing,Promotions,256.9,
300867,2023-11-20,Marketing,Ads,2783.37,
300868,2023-11-20,Marketing,Promotions,1477.81,
300869,2023-11-20,Operations,Rent,5417.45,
300870,2023-11-20,Operations,Shipping,696.3,
300871,2023-11-20,People,Payroll,9847.47,
300872,2023-11-20,People,Benefits,1944.73,
300873,2023-11-20,IT,Software,774.16,
300874,2023-11-20,IT,Hardware,349.36,
300875,2023-11-21,Marketing,Promotions,417.88,
300876,2023-11-27,Marketing,Ads,3398.18,
300877,2023-11-27,Marketing,Promotions,1840.62,
300878,2023-11-27,Operations,Rent,5174.34,
300879,2023-11-27,Operations,Shipping,994.37,
300880,2023-11-27,People,Payroll,10230.9,
300881,2023-11-27,People,Benefits,1487.55,
300882,2023-11-27,IT,Software,730.54,
300883,2023-11-27,IT,Hardware,396.44,
300884,2023-11-29,IT,Hardware,62.42,
300885,2023-11-30,Marketing,Promotions,261.73,
300886,2023-12-04,Marketing,Ads,2879.18,
300887,2023-12-04,Marketing,Promotions,1590.21,
300888,2023-12-04,Operations,Rent,5571.67,
300889,2023-12-04,Operations,Shipping,955.71,
300890,2023-12-04,People,Payroll,7915.46,
300891,2023-12-04,People,Benefits,2230.41,
300892,2023-12-04,IT,Software,754.73,
300893,2023-12-04,IT,Hardware,368.3,
300894,2023-12-11,Marketing,Ads,3233.69,
300895,2023-12-11,Marketing,Promotions,1666.17,
300896,2023-12-11,Operations,Rent,5501.57,
300897,2023-12-11,Operations,Shipping,930.99,
300898,2023-12-11,People,Payroll,8384.57,
300899,2023-12-11,People,Benefits,1791.05,
300900,2023-12-11,IT,Software,781.23,
300901,2023-12-11,IT,Hardware,395.7,
300902,2023-12-18,Marketing,Ads,2927.92,
300903,2023-12-18,Marketing,Promotions,1758.2,
300904,2023-12-18,Operations,Rent,5089.3,
300905,2023-12-18,Operations,Shipping,663.8,
300906,2023-12-18,People,Payroll,9564.49,
300907,2023-12-18,People,Benefits,1547.21,
300908,2023-12-18,IT,Software,793.1,
300909,2023-12-18,IT,Hardware,329.64,
300910,2023-12-20,IT,Hardware,59.65,
300911,2023-12-25,Marketing,Ads,3049.45,
300912,2023-12-25,Marketing,Promotions,1406.84,
300913,2023-12-25,Operations,Rent,4744.01,
300914,2023-12-25,Operations,Shipping,924.42,
300915,2023-12-25,People,Payroll,7454.07,
300916,2023-12-25,People,Benefits,1927.88,
300917,2023-12-25,IT,Software,832.19,
300918,2023-12-25,IT,Hardware,365.02,
300919,2024-01-01,Marketing,Ads,1974.95,
300920,2024-01-01,Marketing,Promotions,1532.01,
300921,2024-01-01,Operations,Rent,4174.64,
300922,2024-01-01,Operations,Shipping,961.42,
300923,2024-01-01,People,Payroll,8089.93,
300924,2024-01-01,People,Benefits,1299.23,
300925,2024-01-01,IT,Software,789.06,
300926,2024-01-01,IT,Hardware,428.8,
300927,2024-01-08,Marketing,Ads,2617.37,
300928,2024-01-08,Marketing,Promotions,1122.71,
300929,2024-01-08,Operations,Rent,4875.02,
300930,2024-01-08,Operations,Shipping,791.81,
300931,2024-01-08,People,Payroll,8635.93,
300932,2024-01-08,People,Benefits,2023.66,
300933,2024-01-08,IT,Software,607.42,
300934,2024-01-08,IT,Hardware,387.17,
300935,2024-01-15,Marketing,Ads,2087.1,
300936,2024-01-15,Marketing,Promotions,1213.72,
300937,2024-01-15,Operations,Rent,4951.53,
300938,2024-01-15,Operations,Shipping,946.53,
300939,2024-01-15,People,Payroll,6899.49,
300940,2024-01-15,People,Benefits,1809.36,
300941,2024-01-15,IT,Software,791.0,
300942,2024-01-15,IT,Hardware,245.74,
300943,2024-01-18,IT,Software,125.3,
300944,2024-01-20,Operations,Shipping,171.94,
300945,2024-01-22,Marketing,Ads,2172.87,
300946,2024-01-22,Marketing,Promotions,1489.15,
300947,2024-01-22,Operations,Rent,5890.08,
300948,2024-01-22,Operations,Shipping,920.19,
300949,2024-01-22,People,Payroll,8164.54,
300950,2024-01-22,People,Benefits,1846.23,
300951,2024-01-22,IT,Software,713.29,
300952,2024-01-22,IT,Hardware,410.68,
300953,2024-01-29,Marketing,Ads,2312.41,
300954,2024-01-29,Marketing,Promotions,1442.44,
300955,2024-01-29,Operations,Rent,4992.7,
300956,2024-01-29,Operations,Shipping,868.4,
300957,2024-01-29,People,Payroll,9528.81,
300958,2024-01-29,People,Benefits,1841.46,
300959,2024-01-29,IT,Software,740.41,
300960,2024-01-29,IT,Hardware,484.99,
300961,2024-02-05,Marketing,Ads,2155.61,
300962,2024-02-05,Marketing,Promotions,1082.97,
300963,2024-02-05,Operations,Rent,4709.61,
300964,2024-02-05,Operations,Shipping,987.15,
300965,2024-02-05,People,Payroll,7268.61,
300966,2024-02-05,People,Benefits,1586.85,
300967,2024-02-05,IT,Software,716.13,
300968,2024-02-05,IT,Hardware,398.52,
300969,2024-02-12,Marketing,Ads,1999.36,
300970,2024-02-12,Marketing,Promotions,1265.41,
300971,2024-02-12,Operations,Rent,5479.43,
300972,2024-02-12,Operations,Shipping,764.04,
300973,2024-02-12,People,Payroll,6885.43,
300974,2024-02-12,People,Benefits,1422.94,
300975,2024-02-12,IT,Software,567.24,
300976,2024-02-12,IT,Hardware,366.56,
300977,2024-02-18,Operations,Shipping,248.82,
300978,2024-02-19,Marketing,Ads,2135.38,
300979,2024-02-19,Marketing,Promotions,1286.72,
300980,2024-02-19,Operations,Rent,4755.49,
300981,2024-02-19,Operations,Shipping,779.03,
300982,2024-02-19,People,Payroll,9038.95,
300983,2024-02-19,People,Benefits,1805.65,
300984,2024-02-19,IT,Software,731.87,
300985,2024-02-19,IT,Hardware,413.55,
300986,2024-02-21,IT,Software,64.37,
300987,2024-02-26,Marketing,Ads,2117.31,
300988,2024-02-26,Marketing,Promotions,746.61,
300989,2024-02-26,Operations,Rent,5211.62,
300990,2024-02-26,Operations,Shipping,999.22,
300991,2024-02-26,People,Payroll,9805.05,
300992,2024-02-26,People,Benefits,1554.72,
300993,2024-02-26,IT,Software,653.09,
300994,2024-02-26,IT,Hardware,449.11,
300995,2024-03-02,IT,Hardware,74.84,
300996,2024-03-03,IT,Hardware,86.06,
300997,2024-03-04,Marketing,Ads,2115.62,
300998,2024-03-04,Marketing,Promotions,956.11,
300999,2024-03-04,Operations,Rent,4941.95,
301000,2024-03-04,Operations,Shipping,753.43,
301001,2024-03-04,People,Payroll,8966.24,
301002,2024-03-04,People,Benefits,2032.15,
301003,2024-03-04,IT,Software,645.93,
301004,2024-03-04,IT,Hardware,437.57,
301005,2024-03-11,Marketing,Ads,1878.59,
301006,2024-03-11,Marketing,Promotions,1064.16,
301007,2024-03-11,Operations,Rent,4643.78,
301008,2024-03-11,Operations,Shipping,990.47,
301009,2024-03-11,People,Payroll,6689.07,
301010,2024-03-11,People,Benefits,1777.2,
301011,2024-03-11,IT,Software,878.06,
301012,2024-03-11,IT,Hardware,285.36,
301013,2024-03-12,Marketing,Promotions,301.33,
301014,2024-03-17,Operations,Shipping,200.99,
301015,2024-03-18,Marketing,Ads,2110.84,
301016,2024-03-18,Marketing,Promotions,1235.74,
301017,2024-03-18,Operations,Rent,5483.74,
301018,2024-03-18,Operations,Shipping,886.31,
301019,2024-03-18,People,Payroll,7642.13,
301020,2024-03-18,People,Benefits,1281.82,
301021,2024-03-18,IT,Software,868.7,
301022,2024-03-18,IT,Hardware,431.38,
301023,2024-03-24,Operations,Shipping,130.53,
301024,2024-03-25,Marketing,Ads,2261.22,
301025,2024-03-25,Marketing,Promotions,1162.88,
301026,2024-03-25,Operations,Rent,5151.33,
301027,2024-03-25,Operations,Shipping,835.78,
301028,2024-03-25,People,Payroll,7897.71,
301029,2024-03-25,People,Benefits,1925.7,
301030,2024-03-25,IT,Software,571.09,
301031,2024-03-25,IT,Hardware,413.07,
301032,2024-03-26,Marketing,Promotions,175.15,
301033,2024-04-01,Marketing,Ads,2219.82,
301034,2024-04-01,Marketing,Promotions,1200.13,
301035,2024-04-01,Operations,Rent,5219.95,
301036,2024-04-01,Operations,Shipping,891.2,
301037,2024-04-01,People,Payroll,8400.72,
301038,2024-04-01,People,Benefits,1820.37,
301039,2024-04-01,IT,Software,738.49,
301040,2024-04-01,IT,Hardware,382.75,
301041,2024-04-02,Marketing,Ads,385.1,
301042,2024-04-08,Marketing,Ads,2228.72,
301043,2024-04-08,Marketing,Promotions,1143.02,
301044,2024-04-08,Operations,Rent,5026.98,
301045,2024-04-08,Operations,Shipping,965.66,
301046,2024-04-08,People,Payroll,7687.68,
301047,2024-04-08,People,Benefits,1877.81,
301048,2024-04-08,IT,Software,676.43,
301049,2024-04-08,IT,Hardware,379.09,
301050,2024-04-10,Operations,Shipping,173.63,
301051,2024-04-15,Marketing,Ads,1983.81,
301052,2024-04-15,Marketing,Promotions,1091.35,
301053,2024-04-15,Operations,Rent,4371.27,
301054,2024-04-15,Operations,Shipping,825.7,
301055,2024-04-15,People,Payroll,8462.02,
301056,2024-04-15,People,Benefits,1752.26,
301057,2024-04-15,IT,Software,726.95,
301058,2024-04-15,IT,Hardware,421.59,
301059,2024-04-22,Marketing,Ads,2122.24,
301060,2024-04-22,Marketing,Promotions,1334.56,
301061,2024-04-22,Operations,Rent,4594.18,
301062,2024-04-22,Operations,Shipping,773.82,
301063,2024-04-22,People,Payroll,9625.64,
301064,2024-04-22,People,Benefits,2258.04,
301065,2024-04-22,IT,Software,712.08,
301066,2024-04-22,IT,Hardware,429.46,
301067,2024-04-23,Operations,Shipping,167.97,
301068,2024-04-29,Marketing,Ads,2204.37,
301069,2024-04-29,Marketing,Promotions,1255.01,
301070,2024-04-29,Operations,Rent,5629.91,
301071,2024-04-29,Operations,Shipping,907.57,
301072,2024-04-29,People,Payroll,10917.95,
301073,2024-04-29,People,Benefits,1918.3,
301074,2024-04-29,IT,Software,811.82,
301075,2024-04-29,IT,Hardware,366.27,
301076,2024-05-02,Marketing,Ads,200.98,
301077,2024-05-03,Marketing,Promotions,354.04,
301078,2024-05-06,Marketing,Ads,2776.7,
301079,2024-05-06,Marketing,Promotions,1181.35,
301080,2024-05-06,Operations,Rent,4980.05,
301081,2024-05-06,Operations,Shipping,938.43,
301082,2024-05-06,People,Payroll,7484.4,
301083,2024-05-06,People,Benefits,1804.28,
301084,2024-05-06,IT,Software,696.58,
301085,2024-05-06,IT,Hardware,429.37,
301086,2024-05-13,Marketing,Ads,2409.82,
301087,2024-05-13,Marketing,Promotions,1258.07,
301088,2024-05-13,Operations,Rent,5892.32,
301089,2024-05-13,Operations,Shipping,687.23,
301090,2024-05-13,People,Payroll,7871.93,
301091,2024-05-13,People,Benefits,1782.86,
301092,2024-05-13,IT,Software,797.99,
301093,2024-05-13,IT,Hardware,389.78,
301094,2024-05-20,Marketing,Ads,1866.82,
301095,2024-05-20,Marketing,Promotions,1120.29,
301096,2024-05-20,Operations,Rent,4679.58,
301097,2024-05-20,Operations,Shipping,1022.61,
301098,2024-05-20,People,Payroll,9928.39,
301099,2024-05-20,People,Benefits,1660.18,
301100,2024-05-20,IT,Software,861.37,
301101,2024-05-20,IT,Hardware,411.71,
301102,2024-05-27,Marketing,Ads,1869.59,
301103,2024-05-27,Marketing,Promotions,1132.59,
301104,2024-05-27,Operations,Rent,4747.84,
301105,2024-05-27,Operations,Shipping,755.47,
301106,2024-05-27,People,Payroll,9732.84,
301107,2024-05-27,People,Benefits,1803.47,
301108,2024-05-27,IT,Software,599.75,
301109,2024-05-27,IT,Hardware,429.96,
301110,2024-06-03,Marketing,Ads,1992.69,
301111,2024-06-03,Marketing,Promotions,1421.79,
301112,2024-06-03,Operations,Rent,4949.21,
301113,2024-06-03,Operations,Shipping,972.1,
301114,2024-06-03,People,Payroll,6761.63,
301115,2024-06-03,People,Benefits,1806.54,
301116,2024-06-03,IT,Software,651.27,
301117,2024-06-03,IT,Hardware,385.53,
301118,2024-06-05,Marketing,Ads,674.44,
301119,2024-06-06,Operations,Shipping,214.2,
301120,2024-06-10,Marketing,Ads,2267.24,
301121,2024-06-10,Marketing,Promotions,1272.06,
301122,2024-06-10,Operations,Rent,4624.72,
301123,2024-06-10,Operations,Shipping,928.72,
301124,2024-06-10,People,Payroll,6437.78,
301125,2024-06-10,People,Benefits,2007.62,
301126,2024-06-10,IT,Software,769.25,
301127,2024-06-10,IT,Hardware,330.05,
301128,2024-06-11,Marketing,Promotions,315.37,
301129,2024-06-13,Marketing,Ads,398.56,
301130,2024-06-17,Marketing,Ads,2098.44,
301131,2024-06-17,Marketing,Promotions,1295.93,
301132,2024-06-17,Operations,Rent,5450.96,
301133,2024-06-17,Operations,Shipping,1091.92,
301134,2024-06-17,People,Payroll,8995.25,
301135,2024-06-17,People,Benefits,1532.35,
301136,2024-06-17,IT,Software,714.58,
301137,2024-06-17,IT,Hardware,363.24,
301138,2024-06-24,Marketing,Ads,1815.9,
301139,2024-06-24,Marketing,Promotions,1103.63,
301140,2024-06-24,Operations,Rent,6040.11,
301141,2024-06-24,Operations,Shipping,853.41,
301142,2024-06-24,People,Payroll,8770.96,
301143,2024-06-24,People,Benefits,1681.14,
301144,2024-06-24,IT,Software,632.41,
301145,2024-06-24,IT,Hardware,415.99,
301146,2024-06-30,Marketing,Promotions,183.61,
301147,2024-07-01,Marketing,Ads,1988.78,
301148,2024-07-01,Marketing,Promotions,1061.65,
301149,2024-07-01,Operations,Rent,5481.24,
301150,2024-07-01,Operations,Shipping,903.62,
301151,2024-07-01,People,Payroll,9261.28,
301152,2024-07-01,People,Benefits,1725.95,
301153,2024-07-01,IT,Software,699.24,
301154,2024-07-01,IT,Hardware,382.61,
301155,2024-07-02,Operations,Shipping,97.71,
301156,2024-07-08,Marketing,Ads,2305.22,
301157,2024-07-08,Marketing,Promotions,1224.07,
301158,2024-07-08,Operations,Rent,5260.04,
301159,2024-07-08,Operations,Shipping,952.48,
301160,2024-07-08,People,Payroll,8260.08,
301161,2024-07-08,People,Benefits,1831.71,
301162,2024-07-08,IT,Software,872.85,
301163,2024-07-08,IT,Hardware,316.03,
301164,2024-07-09,IT,Hardware,73.13,
301165,2024-07-15,Marketing,Ads,1933.06,
301166,2024-07-15,Marketing,Promotions,1413.38,
301167,2024-07-15,Operations,Rent,5398.18,
301168,2024-07-15,Operations,Shipping,950.21,
301169,2024-07-15,People,Payroll,9593.66,
301170,2024-07-15,People,Benefits,1779.48,
301171,2024-07-15,IT,Software,785.3,
301172,2024-07-15,IT,Hardware,375.68,
301173,2024-07-22,Marketing,Ads,2543.25,
301174,2024-07-22,Marketing,Promotions,1083.56,
301175,2024-07-22,Operations,Rent,5538.32,
301176,2024-07-22,Operations,Shipping,903.08,
301177,2024-07-22,People,Payroll,8963.03,
301178,2024-07-22,People,Benefits,1756.58,
301179,2024-07-22,IT,Software,716.84,
301180,2024-07-22,IT,Hardware,353.82,
301181,2024-07-27,Operations,Shipping,207.65,
301182,2024-07-29,Marketing,Ads,2340.92,
301183,2024-07-29,Marketing,Promotions,1110.13,
301184,2024-07-29,Operations,Rent,3762.52,
301185,2024-07-29,Operations,Shipping,852.04,
301186,2024-07-29,People,Payroll,8025.1,
301187,2024-07-29,People,Benefits,2105.95,
301188,2024-07-29,IT,Software,819.05,
301189,2024-07-29,IT,Hardware,544.04,
301190,2024-08-05,Marketing,Ads,2052.17,
301191,2024-08-05,Marketing,Promotions,1206.51,
301192,2024-08-05,Operations,Rent,6046.52,
301193,2024-08-05,Operations,Shipping,1032.35,
301194,2024-08-05,People,Payroll,11677.69,
301195,2024-08-05,People,Benefits,1842.26,
301196,2024-08-05,IT,Software,872.0,
301197,2024-08-05,IT,Hardware,389.86,
301198,2024-08-12,Marketing,Ads,2765.76,
301199,2024-08-12,Marketing,Promotions,1259.5,
301200,2024-08-12,Operations,Rent,6287.83,
301201,2024-08-12,Operations,Shipping,933.33,
301202,2024-08-12,People,Payroll,8818.05,
301203,2024-08-12,People,Benefits,1874.33,
301204,2024-08-12,IT,Software,780.65,
301205,2024-08-12,IT,Hardware,435.43,
301206,2024-08-14,IT,Hardware,57.05,
301207,2024-08-19,Marketing,Ads,2136.24,
301208,2024-08-19,Marketing,Promotions,1414.74,
301209,2024-08-19,Operations,Rent,4693.83,
301210,2024-08-19,Operations,Shipping,745.06,
301211,2024-08-19,People,Payroll,7261.48,
301212,2024-08-19,People,Benefits,1789.69,
301213,2024-08-19,IT,Software,825.99,
301214,2024-08-19,IT,Hardware,449.35,
301215,2024-08-26,Marketing,Ads,2141.47,
301216,2024-08-26,Marketing,Promotions,1437.55,
301217,2024-08-26,Operations,Rent,4411.65,
301218,2024-08-26,Operations,Shipping,1123.08,
301219,2024-08-26,People,Payroll,8886.17,
301220,2024-08-26,People,Benefits,2223.93,
301221,2024-08-26,IT,Software,831.96,
301222,2024-08-26,IT,Hardware,375.01,
301223,2024-08-27,Operations,Shipping,165.23,
301224,2024-08-29,IT,Hardware,32.24,
301225,2024-08-31,IT,Software,75.74,
301226,2024-09-02,Marketing,Ads,2222.55,
301227,2024-09-02,Marketing,Promotions,1240.85,
301228,2024-09-02,Operations,Rent,5924.99,
301229,2024-09-02,Operations,Shipping,960.52,
301230,2024-09-02,People,Payroll,6343.93,
301231,2024-09-02,People,Benefits,1560.19,
301232,2024-09-02,IT,Software,719.88,
301233,2024-09-02,IT,Hardware,433.36,
301234,2024-09-07,Operations,Shipping,229.35,
301235,2024-09-09,Marketing,Ads,2390.52,
301236,2024-09-09,Marketing,Promotions,1239.51,
301237,2024-09-09,Operations,Rent,4086.43,
301238,2024-09-09,Operations,Shipping,991.22,
301239,2024-09-09,People,Payroll,8572.85,
301240,2024-09-09,People,Benefits,1938.37,
301241,2024-09-09,IT,Software,551.93,
301242,2024-09-09,IT,Hardware,393.05,
301243,2024-09-10,Marketing,Promotions,280.66,
301244,2024-09-11,Marketing,Promotions,284.99,
301245,2024-09-16,Marketing,Ads,2198.66,
301246,2024-09-16,Marketing,Promotions,1138.45,
301247,2024-09-16,Operations,Rent,4766.08,
301248,2024-09-16,Operations,Shipping,990.67,
301249,2024-09-16,People,Payroll,8860.97,
301250,2024-09-16,People,Benefits,1512.06,
301251,2024-09-16,IT,Software,747.0,
301252,2024-09-16,IT,Hardware,474.1,
301253,2024-09-17,IT,Software,61.19,
301254,2024-09-23,Marketing,Ads,1936.9,
301255,2024-09-23,Marketing,Promotions,1244.47,
301256,2024-09-23,Operations,Rent,4106.85,
301257,2024-09-23,Operations,Shipping,915.0,
301258,2024-09-23,People,Payroll,9609.69,
301259,2024-09-23,People,Benefits,1873.3,
301260,2024-09-23,IT,Software,641.61,
301261,2024-09-23,IT,Hardware,497.53,
301262,2024-09-24,IT,Software,82.23,
301263,2024-09-30,Marketing,Ads,2025.72,
301264,2024-09-30,Marketing,Promotions,1171.11,
301265,2024-09-30,Operations,Rent,5555.78,
301266,2024-09-30,Operations,Shipping,972.49,
301267,2024-09-30,People,Payroll,9942.88,
301268,2024-09-30,People,Benefits,1959.75,
301269,2024-09-30,IT,Software,779.86,
301270,2024-09-30,IT,Hardware,416.3,
301271,2024-10-01,IT,Software,95.31,
301272,2024-10-07,Marketing,Ads,2929.61,
301273,2024-10-07,Marketing,Promotions,1613.23,
301274,2024-10-07,Operations,Rent,5333.18,
301275,2024-10-07,Operations,Shipping,902.06,
301276,2024-10-07,People,Payroll,8928.0,
301277,2024-10-07,People,Benefits,1879.41,
301278,2024-10-07,IT,Software,698.68,
301279,2024-10-07,IT,Hardware,417.4,
301280,2024-10-09,IT,Hardware,63.05,
301281,2024-10-14,Marketing,Ads,3109.87,
301282,2024-10-14,Marketing,Promotions,1519.58,
301283,2024-10-14,Operations,Rent,4289.22,
301284,2024-10-14,Operations,Shipping,641.58,
301285,2024-10-14,People,Payroll,8962.84,
301286,2024-10-14,People,Benefits,1460.77,
301287,2024-10-14,IT,Software,714.13,
301288,2024-10-14,IT,Hardware,398.24,
301289,2024-10-14,Marketing,Ads,428.52,
301290,2024-10-15,Marketing,Promotions,361.82,
301291,2024-10-20,Marketing,Ads,541.8,
301292,2024-10-21,Marketing,Ads,2576.52,
301293,2024-10-21,Marketing,Promotions,1675.73,
301294,2024-10-21,Operations,Rent,4162.57,
301295,2024-10-21,Operations,Shipping,1017.95,
301296,2024-10-21,People,Payroll,8445.84,
301297,2024-10-21,People,Benefits,1732.78,
301298,2024-10-21,IT,Software,660.05,
301299,2024-10-21,IT,Hardware,399.43,
301300,2024-10-23,IT,Software,79.74,
301301,2024-10-28,Marketing,Ads,2845.16,
301302,2024-10-28,Marketing,Promotions,1565.34,
301303,2024-10-28,Operations,Rent,5153.55,
301304,2024-10-28,Operations,Shipping,862.09,
301305,2024-10-28,People,Payroll,8167.24,
301306,2024-10-28,People,Benefits,2012.98,
301307,2024-10-28,IT,Software,753.21,
301308,2024-10-28,IT,Hardware,441.68,
301309,2024-11-04,Marketing,Ads,2447.98,
301310,2024-11-04,Marketing,Promotions,1651.43,
301311,2024-11-04,Operations,Rent,4053.95,
301312,2024-11-04,Operations,Shipping,790.3,
301313,2024-11-04,People,Payroll,10597.27,
301314,2024-11-04,People,Benefits,1560.62,
301315,2024-11-04,IT,Software,630.28,
301316,2024-11-04,IT,Hardware,433.71,
301317,2024-11-04,Marketing,Promotions,463.33,
301318,2024-11-10,Operations,Shipping,165.99,
301319,2024-11-11,Marketing,Ads,2877.59,
301320,2024-11-11,Marketing,Promotions,1787.02,
301321,2024-11-11,Operations,Rent,5228.89,
301322,2024-11-11,Operations,Shipping,859.24,
301323,2024-11-11,People,Payroll,7673.68,
301324,2024-11-11,People,Benefits,1825.84,
301325,2024-11-11,IT,Software,783.75,
301326,2024-11-11,IT,Hardware,411.33,
301327,2024-11-13,Operations,Shipping,187.73,
301328,2024-11-18,Marketing,Ads,2630.67,
301329,2024-11-18,Marketing,Promotions,1752.28,
301330,2024-11-18,Operations,Rent,4728.01,
301331,2024-11-18,Operations,Shipping,904.54,
301332,2024-11-18,People,Payroll,7732.58,
301333,2024-11-18,People,Benefits,1763.59,
301334,2024-11-18,IT,Software,943.21,
301335,2024-11-18,IT,Hardware,422.93,
301336,2024-11-24,Operations,Shipping,170.01,
301337,2024-11-25,Marketing,Ads,2591.32,
301338,2024-11-25,Marketing,Promotions,1772.69,
301339,2024-11-25,Operations,Rent,4767.66,
301340,2024-11-25,Operations,Shipping,814.4,
301341,2024-11-25,People,Payroll,8442.38,
301342,2024-11-25,People,Benefits,1883.47,
301343,2024-11-25,IT,Software,702.53,
301344,2024-11-25,IT,Hardware,430.54,
301345,2024-11-30,IT,Hardware,53.99,
301346,2024-12-02,Marketing,Ads,3219.73,
301347,2024-12-02,Marketing,Promotions,1609.51,
301348,2024-12-02,Operations,Rent,5428.19,
301349,2024-12-02,Operations,Shipping,937.25,
301350,2024-12-02,People,Payroll,6708.04,
301351,2024-12-02,People,Benefits,1399.91,
301352,2024-12-02,IT,Software,694.46,
301353,2024-12-02,IT,Hardware,485.09,
301354,2024-12-05,IT,Software,92.97,
301355,2024-12-09,Marketing,Ads,2727.34,
301356,2024-12-09,Marketing,Promotions,1792.85,
301357,2024-12-09,Operations,Rent,4560.98,
301358,2024-12-09,Operations,Shipping,1012.46,
301359,2024-12-09,People,Payroll,8327.35,
301360,2024-12-09,People,Benefits,1987.99,
301361,2024-12-09,IT,Software,813.94,
301362,2024-12-09,IT,Hardware,470.11,
301363,2024-12-16,Marketing,Ads,3325.76,
301364,2024-12-16,Marketing,Promotions,1637.7,
301365,2024-12-16,Operations,Rent,5345.93,
301366,2024-12-16,Operations,Shipping,1092.97,
301367,2024-12-16,People,Payroll,7767.92,
301368,2024-12-16,People,Benefits,1857.24,
301369,2024-12-16,IT,Software,682.67,
301370,2024-12-16,IT,Hardware,435.48,
301371,2024-12-23,Marketing,Ads,2586.13,
301372,2024-12-23,Marketing,Promotions,1682.36,
301373,2024-12-23,Operations,Rent,4775.5,
301374,2024-12-23,Operations,Shipping,1148.72,
301375,2024-12-23,People,Payroll,9093.39,
301376,2024-12-23,People,Benefits,2124.75,
301377,2024-12-23,IT,Software,775.41,
301378,2024-12-23,IT,Hardware,468.67,
301379,2024-12-23,IT,Hardware,55.46,
301380,2024-12-26,Operations,Shipping,251.51,
301381,2024-12-27,Marketing,Promotions,323.02,
301382,2024-12-30,Marketing,Ads,3138.06,
301383,2024-12-30,Marketing,Promotions,1342.02,
301384,2024-12-30,Operations,Rent,4763.97,
301385,2024-12-30,Operations,Shipping,727.97,
301386,2024-12-30,People,Payroll,8441.69,
301387,2024-12-30,People,Benefits,1682.55,
301388,2024-12-30,IT,Software,754.0,
301389,2024-12-30,IT,Hardware,348.57,
