OrdersDishesID,OrderID,DishID
1,1,16
2,1,18
3,2,4
4,2,9
5,3,17
6,3,21
7,3,17
8,4,9
9,4,5
10,5,20
11,5,19
12,5,15
13,5,14
14,6,11
15,6,2
16,6,5
17,6,20
18,7,14
19,7,18
20,7,4
21,8,13
22,8,12
23,8,1
24,8,20
25,8,2
26,8,18
27,9,8
28,9,8
29,9,1
30,9,5
31,9,9
32,9,20
33,10,7
34,10,13
35,10,20
36,10,12
37,11,3
38,11,3
39,11,5
40,11,14
41,11,16
42,12,7
43,12,10
44,12,14
45,12,21
46,12,18
47,13,19
48,13,11
49,13,6
50,13,18
51,13,17
52,13,9
53,14,17
54,14,18
55,14,5
56,14,18
57,15,10
58,15,5
59,15,1
60,15,20
61,15,10
62,16,7
63,16,12
64,16,5
65,16,10
66,16,18
67,17,21
68,17,10
69,18,16
70,18,16
71,18,20
72,19,7
73,19,13
74,19,15
75,19,10
76,19,4
77,20,2
78,20,20
79,20,12
80,20,9
81,21,13
82,21,7
83,21,14
84,21,12
85,22,14
86,22,12
87,22,18
88,22,21
89,22,8
90,22,18
91,23,4
92,23,8
93,23,19
94,23,6
95,23,6
96,23,3
97,24,8
98,24,21
99,24,5
100,24,14
101,24,15
102,25,13
103,25,18
104,25,12
105,25,7
106,25,4
107,25,1
108,26,5
109,26,18
110,27,9
111,27,13
112,28,6
113,28,1
114,29,14
115,29,15
116,29,16
117,29,18
118,29,14
119,30,20
120,30,13
121,30,21
122,31,7
123,31,18
124,31,21
125,31,18
126,31,13
127,31,3
128,32,4
129,32,3
130,32,8
131,32,19
132,32,4
133,32,18
134,33,5
135,33,19
136,33,11
137,33,14
138,34,13
139,34,1
140,34,19
141,34,13
142,34,21
143,34,4
144,35,7
145,35,18
146,35,9
147,35,16
148,36,2
149,36,11
150,36,15
151,37,18
152,37,9
153,37,7
154,38,8
155,38,8
156,39,8
157,39,9
158,39,19
159,39,7
160,40,5
161,40,5
162,41,2
163,41,2
164,42,20
165,42,3
166,42,17
167,43,18
168,43,20
169,43,1
170,43,1
171,43,9
172,43,17
173,44,1
174,44,9
175,44,10
176,44,6
177,44,2
178,45,11
179,45,21
180,45,16
181,45,20
182,46,1
183,46,20
184,46,4
185,46,7
186,46,5
187,46,10
188,47,4
189,47,1
190,47,11
191,48,5
192,48,3
193,48,7
194,48,16
195,48,21
196,49,11
197,49,5
198,49,13
199,49,14
200,50,11
201,50,3
202,50,5
203,51,14
204,51,5
205,51,1
206,51,9
207,52,11
208,52,5
209,52,4
210,52,7
211,53,20
212,53,17
213,53,7
214,53,12
215,54,12
216,54,8
217,54,6
218,54,10
219,54,12
220,54,5
221,55,7
222,55,13
223,56,6
224,56,16
225,57,4
226,57,16
227,57,4
228,57,6
229,58,6
230,58,8
231,58,15
232,58,7
233,58,4
234,58,12
235,59,13
236,59,2
237,59,1
238,60,11
239,60,11
240,60,17
241,60,5
242,61,4
243,61,2
244,61,13
245,61,18
246,61,6
247,61,21
248,62,2
249,62,3
250,62,21
251,62,9
252,63,10
253,63,10
254,64,2
255,64,8
256,64,6
257,64,4
258,64,12
259,64,18
260,65,8
261,65,6
262,66,14
263,66,11
264,66,5
265,66,7
266,66,2
267,67,19
268,67,9
269,67,18
270,67,4
271,67,4
272,68,2
273,68,6
274,69,5
275,69,9
276,70,10
277,70,7
278,70,7
279,70,21
280,70,11
281,71,8
282,71,14
283,71,1
284,71,20
285,72,10
286,72,6
287,72,11
288,72,5
289,73,1
290,73,18
291,73,8
292,73,11
293,73,14
294,73,19
295,74,9
296,74,7
297,74,6
298,74,17
299,74,6
300,75,9
301,75,11
302,75,14
303,75,5
304,76,1
305,76,19
306,77,12
307,77,12
308,77,12
309,77,9
310,78,18
311,78,13
312,78,20
313,79,16
314,79,5
315,79,19
316,79,6
317,79,14
318,79,13
319,80,16
320,80,20
321,80,8
322,81,1
323,81,1
324,81,19
325,82,7
326,82,6
327,82,21
328,82,8
329,82,5
330,83,16
331,83,16
332,83,6
333,83,2
334,83,7
335,84,20
336,84,19
337,84,19
338,84,12
339,85,10
340,85,10
341,85,21
342,85,19
343,86,9
344,86,13
345,86,21
346,87,15
347,87,20
348,87,4
349,87,14
350,87,20
351,88,17
352,88,19
353,88,7
354,89,9
355,89,10
356,89,4
357,89,19
358,90,10
359,90,16
360,90,8
361,91,5
362,91,7
363,91,17
364,92,12
365,92,10
366,92,20
367,92,20
368,93,16
369,93,3
370,93,7
371,93,20
372,93,6
373,94,7
374,94,20
375,94,6
376,94,20
377,95,15
378,95,21
379,95,5
380,96,11
381,96,20
382,96,15
383,96,14
384,96,16
385,97,19
386,97,20
387,97,14
388,98,13
389,98,5
390,98,4
391,98,17
392,98,18
393,98,1
394,99,13
395,99,18
396,99,4
397,99,15
398,99,14
399,99,19
400,100,8
401,100,7
402,100,17
403,101,16
404,101,13
405,102,11
406,102,14
407,102,12
408,103,17
409,103,4
410,103,5
411,103,20
412,103,4
413,103,17
414,104,1
415,104,13
416,104,4
417,104,21
418,105,17
419,105,5
420,105,17
421,105,5
422,105,3
423,105,14
424,106,9
425,106,17
426,106,8
427,106,14
428,107,19
429,107,13
430,107,6
431,108,5
432,108,8
433,108,2
434,108,8
435,108,11
436,109,5
437,109,9
438,109,2
439,109,12
440,109,16
441,109,20
442,110,19
443,110,13
444,110,12
445,110,12
446,110,20
447,111,21
448,111,7
449,112,20
450,112,12
451,112,12
452,112,20
453,112,11
454,113,7
455,113,2
456,113,9
457,113,14
458,114,13
459,114,2
460,114,20
461,114,12
462,114,19
463,114,17
464,115,3
465,115,7
466,115,12
467,116,20
468,116,10
469,116,6
470,116,5
471,116,3
472,117,8
473,117,21
474,117,14
475,118,15
476,118,11
477,118,14
478,118,15
479,118,18
480,119,5
481,119,6
482,119,19
483,119,12
484,120,4
485,120,3
486,120,14
487,120,5
488,120,8
489,120,14
490,121,15
491,121,4
492,121,13
493,122,14
494,122,3
495,122,18
496,122,19
497,123,18
498,123,13
499,124,8
500,124,9
501,125,9
502,125,1
503,125,5
504,126,18
505,126,19
506,126,7
507,127,14
508,127,3
509,127,8
510,127,13
511,127,1
512,128,21
513,128,16
514,128,1
515,129,20
516,129,5
517,129,7
518,129,21
519,129,14
520,130,8
521,130,17
522,130,15
523,131,21
524,131,13
525,131,7
526,131,2
527,132,8
528,132,10
529,132,8
530,132,20
531,133,19
532,133,17
533,133,17
534,133,14
535,133,13
536,134,20
537,134,5
538,134,15
539,134,5
540,135,5
541,135,19
542,135,17
543,135,12
544,136,17
545,136,20
546,136,8
547,136,3
548,137,18
549,137,2
550,137,21
551,138,4
552,138,8
553,139,20
554,139,8
555,139,20
556,140,11
557,140,21
558,141,21
559,141,4
560,141,17
561,141,17
562,142,14
563,142,9
564,142,11
565,142,3
566,142,11
567,143,11
568,143,10
569,144,2
570,144,16
571,145,11
572,145,15
573,145,12
574,145,4
575,145,10
576,145,7
577,146,20
578,146,6
579,146,4
580,147,13
581,147,9
582,147,20
583,148,8
584,148,11
585,148,7
586,149,10
587,149,10
588,149,1
589,149,8
590,150,16
591,150,20
592,150,7
593,150,17
594,151,21
595,151,1
596,151,15
597,151,14
598,151,10
599,151,2
600,152,17
601,152,21
602,152,21
603,152,9
604,152,9
605,153,16
606,153,10
607,153,3
608,153,12
609,154,15
610,154,1
611,154,17
612,154,21
613,155,20
614,155,2
615,155,10
616,156,21
617,156,2
618,156,13
619,156,4
620,157,17
621,157,17
622,158,14
623,158,7
624,159,19
625,159,16
626,159,2
627,159,6
628,160,8
629,160,17
630,160,1
631,160,11
632,160,13
633,160,18
634,161,9
635,161,15
636,161,20
637,161,18
638,162,21
639,162,13
640,162,7
641,162,6
642,162,16
643,163,20
644,163,9
645,164,12
646,164,3
647,164,3
648,164,21
649,165,21
650,165,14
651,165,1
652,165,18
653,166,19
654,166,7
655,166,8
656,166,3
657,166,1
658,167,9
659,167,6
660,167,17
661,168,6
662,168,5
663,168,1
664,168,13
665,169,19
666,169,15
667,169,21
668,169,11
669,169,5
670,169,11
671,170,5
672,170,12
673,170,15
674,170,17
675,170,4
676,170,6
677,171,4
678,171,2
679,171,4
680,171,11
681,171,16
682,171,11
683,172,21
684,172,4
685,172,16
686,172,13
687,172,9
688,172,18
689,173,13
690,173,9
691,173,2
692,174,2
693,174,12
694,175,20
695,175,7
696,175,3
697,175,10
698,176,4
699,176,9
700,177,5
701,177,17
702,177,16
703,177,4
704,177,19
705,178,2
706,178,20
707,178,20
708,179,5
709,179,19
710,180,21
711,180,21
712,180,19
713,180,19
714,181,11
715,181,18
716,181,16
717,181,10
718,181,19
719,182,15
720,182,16
721,182,3
722,182,20
723,182,8
724,182,9
725,183,12
726,183,11
727,183,2
728,183,15
729,183,12
730,183,11
731,184,10
732,184,8
733,184,12
734,184,12
735,184,10
736,185,20
737,185,5
738,186,9
739,186,4
740,186,8
741,186,13
742,186,11
743,186,12
744,187,18
745,187,4
746,187,10
747,187,4
748,187,7
749,187,18
750,188,13
751,188,13
752,189,18
753,189,20
754,190,8
755,190,2
756,191,20
757,191,17
758,192,10
759,192,2
760,192,5
761,193,18
762,193,6
763,194,18
764,194,2
765,194,8
766,194,10
767,194,13
768,194,6
769,195,3
770,195,15
771,195,3
772,196,2
773,196,14
774,197,8
775,197,3
776,197,6
777,197,2
778,198,12
779,198,12
780,198,7
781,198,3
782,198,19
783,199,10
784,199,13
785,199,21
786,200,4
787,200,3
788,201,7
789,201,20
790,201,15
791,202,6
792,202,9
793,202,8
794,202,11
795,203,16
796,203,4
797,203,2
798,203,9
799,204,17
800,204,2
801,204,9
802,204,2
803,205,2
804,205,7
805,205,15
806,206,19
807,206,4
808,206,17
809,206,9
810,206,17
811,207,1
812,207,17
813,207,20
814,208,5
815,208,18
816,209,1
817,209,15
818,209,8
819,209,4
820,209,18
821,209,19
822,210,2
823,210,20
824,210,12
825,210,17
826,211,20
827,211,16
828,211,4
829,211,14
830,212,10
831,212,8
832,212,6
833,212,9
834,212,15
835,212,2
836,213,4
837,213,8
838,213,3
839,213,17
840,213,7
841,214,15
842,214,19
843,214,10
844,214,4
845,214,3
846,215,5
847,215,9
848,215,2
849,215,18
850,215,5
851,215,3
852,216,11
853,216,7
854,216,12
855,217,19
856,217,17
857,217,16
858,217,6
859,218,18
860,218,10
861,219,4
862,219,17
863,220,17
864,220,9
865,220,19
866,220,5
867,221,13
868,221,3
869,221,11
870,221,9
871,221,9
872,221,2
873,222,3
874,222,3
875,222,5
876,222,13
877,223,18
878,223,20
879,223,17
880,223,15
881,223,21
882,224,8
883,224,2
884,224,19
885,225,18
886,225,21
887,225,13
888,226,1
889,226,17
890,226,18
891,227,9
892,227,13
893,227,12
894,227,18
895,227,14
896,227,12
897,228,6
898,228,16
899,228,16
900,229,7
901,229,1
902,230,3
903,230,6
904,230,20
905,230,14
906,230,17
907,231,13
908,231,17
909,231,8
910,231,11
911,231,3
912,232,18
913,232,6
914,232,15
915,233,15
916,233,21
917,233,18
918,233,9
919,233,6
920,233,5
921,234,12
922,234,21
923,234,11
924,235,5
925,235,12
926,236,13
927,236,18
928,237,5
929,237,8
930,238,4
931,238,16
932,238,4
933,239,6
934,239,3
935,239,2
936,239,3
937,239,19
938,240,7
939,240,21
940,241,4
941,241,9
942,241,4
943,241,3
944,241,8
945,241,8
946,242,18
947,242,19
948,243,18
949,243,19
950,243,19
951,243,9
952,243,1
953,244,17
954,244,2
955,244,1
956,244,6
957,244,8
958,244,10
959,245,18
960,245,11
961,245,2
962,245,6
963,246,3
964,246,5
965,246,18
966,246,12
967,246,5
968,247,14
969,247,7
970,247,12
971,247,3
972,247,6
973,247,3
974,248,21
975,248,15
976,248,13
977,248,19
978,248,1
979,249,10
980,249,15
981,249,6
982,249,7
983,249,15
984,249,18
985,250,15
986,250,8
987,250,15
988,250,1
989,250,20
990,250,11
991,251,3
992,251,1
993,252,5
994,252,15
995,252,13
996,253,20
997,253,1
998,253,18
999,253,1
1000,253,15
1001,253,20
1002,254,7
1003,254,15
1004,255,8
1005,255,4
1006,255,7
1007,255,7
1008,256,3
1009,256,17
1010,256,17
1011,256,12
1012,257,18
1013,257,9
1014,257,5
1015,257,6
1016,257,4
1017,258,2
1018,258,21
1019,259,7
1020,259,14
1021,259,3
1022,259,6
1023,259,21
1024,259,19
1025,260,17
1026,260,10
1027,260,5
1028,260,18
1029,261,2
1030,261,20
1031,261,21
1032,262,17
1033,262,2
1034,262,7
1035,262,10
1036,263,11
1037,263,15
1038,263,19
1039,263,5
1040,264,6
1041,264,7
1042,264,2
1043,264,21
1044,264,3
1045,265,11
1046,265,17
1047,265,17
1048,265,11
1049,266,9
1050,266,3
1051,266,13
1052,266,11
1053,266,15
1054,266,12
1055,267,14
1056,267,8
1057,267,8
1058,267,6
1059,267,3
1060,267,17
1061,268,1
1062,268,20
1063,268,16
1064,269,19
1065,269,2
1066,269,7
1067,269,18
1068,269,6
1069,269,2
1070,270,15
1071,270,2
1072,270,3
1073,270,8
1074,270,12
1075,271,14
1076,271,6
1077,272,17
1078,272,15
1079,272,20
1080,272,9
1081,273,13
1082,273,3
1083,273,21
1084,274,8
1085,274,12
1086,274,16
1087,274,18
1088,274,18
1089,275,4
1090,275,7
1091,275,16
1092,275,3
1093,275,19
1094,276,5
1095,276,7
1096,276,20
1097,276,14
1098,277,12
1099,277,17
1100,277,4
1101,278,7
1102,278,21
1103,278,6
1104,279,6
1105,279,21
1106,279,15
1107,280,11
1108,280,1
1109,280,9
1110,280,4
1111,281,2
1112,281,6
1113,281,10
1114,281,1
1115,281,9
1116,281,12
1117,282,15
1118,282,12
1119,282,9
1120,282,20
1121,283,18
1122,283,18
1123,283,15
1124,283,17
1125,283,19
1126,283,8
1127,284,11
1128,284,8
1129,285,10
1130,285,4
1131,286,11
1132,286,12
1133,287,5
1134,287,9
1135,287,7
1136,287,5
1137,288,4
1138,288,12
1139,288,11
1140,289,21
1141,289,3
1142,289,20
1143,289,2
1144,289,6
1145,290,15
1146,290,20
1147,290,7
1148,291,12
1149,291,12
1150,291,17
1151,291,2
1152,291,9
1153,291,21
1154,292,4
1155,292,9
1156,292,10
1157,292,14
1158,292,14
1159,292,8
1160,293,16
1161,293,1
1162,293,2
1163,293,6
1164,293,14
1165,294,12
1166,294,13
1167,294,7
1168,294,10
1169,295,15
1170,295,18
1171,295,12
1172,296,1
1173,296,14
1174,297,6
1175,297,8
1176,297,1
1177,297,5
1178,297,21
1179,298,21
1180,298,6
1181,299,6
1182,299,12
1183,299,13
1184,299,13
1185,300,20
1186,300,9
1187,300,8
1188,300,15
1189,300,1
1190,301,14
1191,301,2
1192,302,4
1193,302,19
1194,302,14
1195,302,15
1196,302,17
1197,302,3
1198,303,2
1199,303,16
1200,303,18
1201,303,20
1202,303,20
1203,304,6
1204,304,5
1205,304,12
1206,304,3
1207,305,12
1208,305,5
1209,306,20
1210,306,21
1211,306,9
1212,306,18
1213,306,17
1214,306,18
1215,307,19
1216,307,8
1217,307,15
1218,307,17
1219,307,19
1220,307,20
1221,308,17
1222,308,2
1223,308,12
1224,308,3
1225,309,12
1226,309,10
1227,309,10
1228,310,4
1229,310,1
1230,310,8
1231,310,6
1232,310,9
1233,310,11
1234,311,12
1235,311,19
1236,312,17
1237,312,13
1238,312,19
1239,312,7
1240,312,9
1241,313,15
1242,313,2
1243,313,6
1244,313,3
1245,314,14
1246,314,9
1247,314,20
1248,314,4
1249,314,9
1250,314,15
1251,315,19
1252,315,18
1253,315,15
1254,315,2
1255,315,3
1256,316,14
1257,316,13
1258,317,7
1259,317,18
1260,317,10
1261,317,21
1262,317,4
1263,318,10
1264,318,21
1265,318,4
1266,319,5
1267,319,18
1268,319,19
1269,320,6
1270,320,14
1271,321,15
1272,321,18
1273,321,8
1274,321,4
1275,321,14
1276,321,11
1277,322,7
1278,322,11
1279,322,17
1280,322,20
1281,322,19
1282,322,10
1283,323,20
1284,323,6
1285,323,3
1286,323,20
1287,323,7
1288,323,18
1289,324,14
1290,324,18
1291,324,16
1292,324,4
1293,325,6
1294,325,1
1295,326,10
1296,326,8
1297,326,18
1298,326,18
1299,327,18
1300,327,13
1301,327,21
1302,327,12
1303,327,2
1304,328,3
1305,328,21
1306,328,20
1307,328,14
1308,329,7
1309,329,13
1310,329,6
1311,329,16
1312,329,5
1313,330,2
1314,330,5
1315,330,15
1316,330,7
1317,331,20
1318,331,10
1319,331,1
1320,331,11
1321,331,2
1322,331,7
1323,332,6
1324,332,1
1325,332,6
1326,333,1
1327,333,14
1328,333,21
1329,334,18
1330,334,5
1331,335,14
1332,335,7
1333,335,16
1334,335,16
1335,335,2
1336,336,17
1337,336,16
1338,337,17
1339,337,17
1340,337,14
1341,337,9
1342,337,13
1343,338,15
1344,338,18
1345,339,17
1346,339,11
1347,339,11
1348,340,10
1349,340,17
1350,340,13
1351,341,19
1352,341,8
1353,341,3
1354,341,16
1355,342,20
1356,342,15
1357,342,4
1358,342,5
1359,343,18
1360,343,13
1361,344,13
1362,344,6
1363,345,1
1364,345,8
1365,345,18
1366,345,20
1367,345,17
1368,346,20
1369,346,6
1370,346,19
1371,346,13
1372,347,4
1373,347,5
1374,347,19
1375,347,16
1376,348,17
1377,348,4
1378,349,18
1379,349,3
1380,349,7
1381,349,18
1382,349,11
1383,350,13
1384,350,4
1385,350,1
1386,351,1
1387,351,16
1388,351,5
1389,351,10
1390,351,21
1391,351,4
1392,352,12
1393,352,14
1394,353,9
1395,353,9
1396,353,21
1397,353,13
1398,354,13
1399,354,9
1400,355,17
1401,355,6
1402,355,1
1403,355,16
1404,355,18
1405,355,5
1406,356,3
1407,356,6
1408,356,10
1409,356,9
1410,357,21
1411,357,11
1412,358,5
1413,358,13
1414,358,13
1415,358,9
1416,358,8
1417,359,4
1418,359,3
1419,360,18
1420,360,3
1421,360,20
1422,360,3
1423,361,12
1424,361,10
1425,362,4
1426,362,20
1427,362,12
1428,362,15
1429,362,14
1430,363,11
1431,363,9
1432,363,17
1433,363,13
1434,364,15
1435,364,4
1436,365,12
1437,365,13
1438,365,16
1439,365,21
1440,365,3
1441,365,5
1442,366,6
1443,366,11
1444,366,5
1445,366,20
1446,366,9
1447,366,13
1448,367,21
1449,367,6
1450,367,8
1451,367,13
1452,367,11
1453,367,8
1454,368,17
1455,368,5
1456,368,7
1457,368,12
1458,369,14
1459,369,20
1460,369,19
1461,369,19
1462,370,16
1463,370,13
1464,370,13
1465,370,1
1466,370,11
1467,371,16
1468,371,1
1469,371,9
1470,372,3
1471,372,7
1472,372,8
1473,373,12
1474,373,1
1475,374,3
1476,374,8
1477,374,11
1478,374,16
1479,374,3
1480,375,1
1481,375,12
1482,375,21
1483,375,5
1484,376,16
1485,376,13
1486,376,4
1487,377,4
1488,377,11
1489,377,19
1490,377,16
1491,377,17
1492,378,17
1493,378,20
1494,378,6
1495,379,7
1496,379,4
1497,379,11
1498,379,17
1499,380,5
1500,380,3
1501,380,12
1502,380,14
1503,380,13
1504,380,20
1505,381,2
1506,381,12
1507,381,8
1508,381,5
1509,382,7
1510,382,14
1511,383,5
1512,383,6
1513,384,12
1514,384,2
1515,385,20
1516,385,8
1517,386,11
1518,386,15
1519,386,2
1520,386,7
1521,386,12
1522,386,3
1523,387,15
1524,387,17
1525,387,10
1526,388,14
1527,388,15
1528,388,10
1529,388,17
1530,388,2
1531,388,18
1532,389,20
1533,389,3
1534,389,13
1535,389,5
1536,390,19
1537,390,18
1538,390,7
1539,390,3
1540,390,5
1541,390,15
1542,391,16
1543,391,19
1544,391,13
1545,391,14
1546,391,8
1547,391,14
1548,392,9
1549,392,8
1550,392,8
1551,392,7
1552,392,7
1553,393,20
1554,393,2
1555,394,12
1556,394,11
1557,394,9
1558,394,16
1559,394,19
1560,395,18
1561,395,6
1562,395,8
1563,396,1
1564,396,7
1565,396,4
1566,396,16
1567,396,13
1568,396,1
1569,397,13
1570,397,5
1571,397,11
1572,397,5
1573,397,12
1574,397,11
1575,398,12
1576,398,21
1577,398,8
1578,398,16
1579,399,20
1580,399,9
1581,399,9
1582,399,1
1583,399,12
1584,400,15
1585,400,6
1586,401,17
1587,401,12
1588,401,20
1589,401,19
1590,401,17
1591,401,10
1592,402,16
1593,402,16
1594,402,14
1595,403,12
1596,403,2
1597,403,20
1598,403,9
1599,404,18
1600,404,10
1601,404,20
1602,404,20
1603,404,3
1604,404,18
1605,405,3
1606,405,8
1607,405,8
1608,405,10
1609,405,12
1610,406,1
1611,406,13
1612,406,9
1613,406,3
1614,406,18
1615,407,20
1616,407,14
1617,407,5
1618,407,6
1619,407,2
1620,407,2
1621,408,1
1622,408,3
1623,408,18
1624,408,6
1625,408,3
1626,408,14
1627,409,13
1628,409,12
1629,410,16
1630,410,5
1631,410,13
1632,410,1
1633,410,17
1634,410,17
1635,411,21
1636,411,3
1637,411,5
1638,411,19
1639,412,1
1640,412,10
1641,412,8
1642,413,10
1643,413,11
1644,413,10
1645,413,13
1646,413,7
1647,413,9
1648,414,16
1649,414,16
1650,415,11
1651,415,3
1652,415,21
1653,416,20
1654,416,9
1655,416,8
1656,417,4
1657,417,3
1658,417,13
1659,417,10
1660,418,13
1661,418,1
1662,418,17
1663,418,16
1664,418,15
1665,419,10
1666,419,3
1667,419,3
1668,419,19
1669,419,20
1670,419,12
1671,420,20
1672,420,1
1673,420,15
1674,421,4
1675,421,7
1676,422,13
1677,422,8
1678,423,12
1679,423,3
1680,423,1
1681,423,3
1682,423,6
1683,423,8
1684,424,8
1685,424,4
1686,424,11
1687,424,11
1688,425,13
1689,425,9
1690,426,15
1691,426,12
1692,426,20
1693,427,2
1694,427,7
1695,427,11
1696,427,16
1697,427,10
1698,428,13
1699,428,16
1700,429,4
1701,429,1
1702,429,3
1703,429,3
1704,429,15
1705,429,9
1706,430,17
1707,430,2
1708,431,10
1709,431,5
1710,431,11
1711,431,3
1712,432,8
1713,432,17
1714,432,5
1715,432,1
1716,433,21
1717,433,4
1718,433,20
1719,434,5
1720,434,20
1721,434,5
1722,434,12
1723,434,11
1724,435,21
1725,435,1
1726,435,18
1727,435,14
1728,435,15
1729,435,7
1730,436,10
1731,436,2
1732,436,1
1733,436,18
1734,436,11
1735,436,13
1736,437,3
1737,437,15
1738,437,9
1739,437,9
1740,437,2
1741,438,5
1742,438,7
1743,438,15
1744,439,7
1745,439,15
1746,439,16
1747,439,7
1748,439,10
1749,440,6
1750,440,8
1751,440,1
1752,440,12
1753,440,13
1754,441,2
1755,441,10
1756,442,16
1757,442,19
1758,442,21
1759,442,13
1760,442,13
1761,442,5
1762,443,12
1763,443,14
1764,444,1
1765,444,7
1766,444,17
1767,444,10
1768,444,6
1769,444,3
1770,445,21
1771,445,15
1772,445,1
1773,445,8
1774,445,8
1775,446,6
1776,446,1
1777,446,2
1778,446,8
1779,446,19
1780,446,7
1781,447,19
1782,447,20
1783,447,1
1784,447,8
1785,448,9
1786,448,15
1787,449,6
1788,449,2
1789,450,8
1790,450,11
1791,450,20
1792,451,1
1793,451,13
1794,451,17
1795,452,19
1796,452,17
1797,452,17
1798,453,18
1799,453,20
1800,453,3
1801,453,21
1802,453,8
1803,454,11
1804,454,14
1805,455,9
1806,455,10
1807,455,1
1808,456,12
1809,456,14
1810,456,15
1811,456,3
1812,457,11
1813,457,2
1814,457,20
1815,457,1
1816,457,6
1817,458,6
1818,458,9
1819,458,2
1820,459,6
1821,459,20
1822,459,16
1823,460,16
1824,460,13
1825,461,18
1826,461,2
1827,461,19
1828,461,1
1829,461,15
1830,462,17
1831,462,11
1832,462,18
1833,462,6
1834,462,18
1835,463,4
1836,463,21
1837,463,2
1838,463,10
1839,463,7
1840,463,14
1841,464,6
1842,464,7
1843,464,15
1844,464,5
1845,464,5
1846,465,8
1847,465,16
1848,465,17
1849,465,21
1850,465,11
1851,465,10
1852,466,7
1853,466,7
1854,466,2
1855,467,1
1856,467,6
1857,467,6
1858,467,6
1859,467,7
1860,468,7
1861,468,10
1862,468,15
1863,468,18
1864,468,4
1865,468,20
1866,469,7
1867,469,10
1868,470,7
1869,470,6
1870,470,2
1871,470,17
1872,471,4
1873,471,16
1874,472,18
1875,472,11
1876,472,13
1877,473,8
1878,473,14
1879,473,11
1880,473,7
1881,473,20
1882,473,20
1883,474,4
1884,474,15
1885,474,1
1886,474,18
1887,474,20
1888,474,14
1889,475,3
1890,475,19
1891,475,6
1892,475,14
1893,475,4
1894,475,7
1895,476,14
1896,476,13
1897,476,10
1898,476,21
1899,477,20
1900,477,12
1901,477,14
1902,477,14
1903,477,21
1904,477,15
1905,478,16
1906,478,13
1907,478,6
1908,478,1
1909,478,19
1910,478,12
1911,479,6
1912,479,4
1913,479,2
1914,479,5
1915,480,11
1916,480,11
1917,480,4
1918,481,5
1919,481,21
1920,481,7
1921,481,18
1922,481,21
1923,482,6
1924,482,19
1925,482,16
1926,483,8
1927,483,2
1928,483,9
1929,483,8
1930,483,4
1931,484,8
1932,484,7
1933,484,17
1934,484,7
1935,484,12
1936,485,2
1937,485,21
1938,485,14
1939,486,12
1940,486,14
1941,486,6
1942,486,14
1943,486,2
1944,486,19
1945,487,19
1946,487,16
1947,487,8
1948,488,13
1949,488,19
1950,488,16
1951,488,3
1952,488,8
1953,489,10
1954,489,1
1955,489,7
1956,489,4
1957,490,4
1958,490,1
1959,490,17
1960,490,5
1961,490,8
1962,490,11
1963,491,17
1964,491,21
1965,491,14
1966,492,5
1967,492,1
1968,492,5
1969,492,11
1970,492,15
1971,492,5
1972,493,12
1973,493,19
1974,494,9
1975,494,14
1976,494,19
1977,494,15
1978,494,19
1979,494,7
1980,495,17
1981,495,4
1982,495,3
1983,495,9
1984,495,4
1985,495,6
1986,496,17
1987,496,15
1988,496,21
1989,496,5
1990,497,1
1991,497,8
1992,497,5
1993,498,4
1994,498,3
1995,498,8
1996,499,8
1997,499,13
1998,499,1
1999,499,10
2000,499,17
2001,499,7
2002,500,19
2003,500,2
2004,500,1
2005,500,12
2006,500,19
2007,500,2
2008,501,13
2009,501,1
2010,501,8
2011,501,5
2012,501,9
2013,501,15
2014,502,19
2015,502,11
2016,502,9
2017,502,21
2018,502,12
2019,503,13
2020,503,2
2021,503,7
2022,503,1
2023,503,4
2024,504,17
2025,504,7
2026,504,1
2027,504,13
2028,504,19
2029,505,16
2030,505,3
2031,505,17
2032,505,4
2033,505,7
2034,506,20
2035,506,14
2036,506,19
2037,506,19
2038,507,18
2039,507,3
2040,507,16
2041,507,3
2042,508,4
2043,508,17
2044,508,13
2045,508,10
2046,508,14
2047,508,10
2048,509,13
2049,509,6
2050,509,18
2051,509,21
2052,509,18
2053,509,1
2054,510,19
2055,510,1
2056,510,12
2057,510,7
2058,510,21
2059,511,9
2060,511,18
2061,511,20
2062,511,1
2063,511,5
2064,512,4
2065,512,9
2066,512,13
2067,513,8
2068,513,13
2069,513,18
2070,513,10
2071,514,5
2072,514,7
2073,514,14
2074,515,15
2075,515,12
2076,516,8
2077,516,20
2078,516,17
2079,516,17
2080,516,16
2081,517,17
2082,517,1
2083,518,13
2084,518,13
2085,518,10
2086,518,12
2087,518,11
2088,519,11
2089,519,10
2090,519,10
2091,519,1
2092,519,16
2093,520,21
2094,520,10
2095,520,1
2096,520,8
2097,520,8
2098,520,14
2099,521,6
2100,521,5
2101,521,15
2102,521,9
2103,521,10
2104,521,4
2105,522,9
2106,522,5
2107,522,1
2108,523,10
2109,523,1
2110,523,14
2111,523,20
2112,524,2
2113,524,16
2114,524,2
2115,524,15
2116,525,7
2117,525,21
2118,525,10
2119,526,20
2120,526,1
2121,526,15
2122,526,19
2123,527,9
2124,527,11
2125,528,16
2126,528,1
2127,529,19
2128,529,13
2129,529,7
2130,529,15
2131,530,14
2132,530,7
2133,530,10
2134,530,18
2135,531,6
2136,531,16
2137,531,9
2138,531,9
2139,531,8
2140,531,15
2141,532,14
2142,532,20
2143,532,2
2144,532,8
2145,533,4
2146,533,18
2147,534,14
2148,534,16
2149,535,15
2150,535,16
2151,535,11
2152,535,14
2153,535,2
2154,536,17
2155,536,13
2156,536,8
2157,536,8
2158,537,17
2159,537,17
2160,537,4
2161,538,12
2162,538,3
2163,538,7
2164,538,21
2165,539,20
2166,539,6
2167,539,17
2168,539,15
2169,540,5
2170,540,4
2171,540,17
2172,540,13
2173,540,4
2174,541,4
2175,541,6
2176,541,13
2177,541,21
2178,542,11
2179,542,20
2180,542,9
2181,542,17
2182,542,9
2183,542,7
2184,543,17
2185,543,16
2186,543,17
2187,544,18
2188,544,18
2189,545,3
2190,545,9
2191,545,20
2192,545,15
2193,545,15
2194,545,4
2195,546,9
2196,546,11
2197,546,17
2198,546,6
2199,547,2
2200,547,16
2201,547,16
2202,548,12
2203,548,7
2204,548,10
2205,548,8
2206,548,8
2207,549,15
2208,549,7
2209,549,12
2210,549,1
2211,549,15
2212,549,2
2213,550,18
2214,550,5
2215,550,11
2216,550,3
2217,550,9
2218,551,5
2219,551,1
2220,551,2
2221,551,15
2222,551,6
2223,551,2
2224,552,18
2225,552,2
2226,552,20
2227,552,16
2228,552,21
2229,553,21
2230,553,10
2231,553,6
2232,553,6
2233,554,18
2234,554,14
2235,554,14
2236,554,7
2237,554,15
2238,554,6
2239,555,5
2240,555,9
2241,555,6
2242,555,16
2243,556,7
2244,556,12
2245,556,7
2246,556,7
2247,556,17
2248,556,13
2249,557,2
2250,557,8
2251,557,7
2252,558,13
2253,558,9
2254,558,17
2255,558,10
2256,558,2
2257,559,15
2258,559,20
2259,559,3
2260,559,11
2261,559,13
2262,559,7
2263,560,10
2264,560,1
2265,561,9
2266,561,20
2267,562,20
2268,562,4
2269,562,12
2270,562,5
2271,562,10
2272,563,12
2273,563,8
2274,563,13
2275,563,14
2276,564,20
2277,564,1
2278,564,17
2279,564,9
2280,564,4
2281,565,12
2282,565,5
2283,565,8
2284,565,18
2285,565,12
2286,566,8
2287,566,18
2288,566,15
2289,566,14
2290,567,10
2291,567,11
2292,567,14
2293,567,14
2294,568,17
2295,568,13
2296,568,9
2297,568,17
2298,569,8
2299,569,19
2300,569,14
2301,570,14
2302,570,14
2303,571,12
2304,571,3
2305,571,1
2306,571,3
2307,572,8
2308,572,3
2309,573,8
2310,573,14
2311,573,21
2312,573,12
2313,573,16
2314,574,10
2315,574,7
2316,575,17
2317,575,21
2318,575,4
2319,575,1
2320,575,16
2321,575,10
2322,576,16
2323,576,20
2324,577,12
2325,577,8
2326,577,2
2327,577,11
2328,577,18
2329,577,20
2330,578,14
2331,578,19
2332,578,11
2333,578,13
2334,578,21
2335,579,6
2336,579,4
2337,579,6
2338,579,7
2339,579,11
2340,580,16
2341,580,11
2342,580,1
2343,580,2
2344,580,14
2345,580,19
2346,581,18
2347,581,6
2348,581,4
2349,581,12
2350,581,2
2351,581,7
2352,582,16
2353,582,8
2354,582,16
2355,582,11
2356,582,13
2357,583,9
2358,583,16
2359,584,3
2360,584,10
2361,584,4
2362,584,8
2363,584,18
2364,585,3
2365,585,14
2366,585,19
2367,585,4
2368,585,19
2369,586,11
2370,586,6
2371,586,17
2372,586,2
2373,587,5
2374,587,13
2375,588,4
2376,588,3
2377,588,9
2378,588,17
2379,588,15
2380,588,21
2381,589,12
2382,589,6
2383,589,11
2384,590,21
2385,590,9
2386,590,6
2387,590,14
2388,590,15
2389,591,10
2390,591,1
2391,591,5
2392,591,12
2393,591,6
2394,591,1
2395,592,12
2396,592,2
2397,592,19
2398,593,21
2399,593,21
2400,594,16
2401,594,10
2402,594,11
2403,595,3
2404,595,12
2405,595,18
2406,595,2
2407,595,13
2408,596,16
2409,596,21
2410,596,5
2411,596,11
2412,596,1
2413,597,16
2414,597,17
2415,598,12
2416,598,3
2417,598,19
2418,598,10
2419,598,19
2420,599,20
2421,599,20
2422,600,8
2423,600,5
2424,600,21
2425,600,19
2426,600,10
2427,601,2
2428,601,7
2429,601,8
2430,602,14
2431,602,1
2432,603,6
2433,603,14
2434,603,10
2435,603,16
2436,603,20
2437,604,19
2438,604,15
2439,604,6
2440,604,19
2441,605,14
2442,605,21
2443,605,18
2444,606,9
2445,606,10
2446,606,15
2447,606,20
2448,607,19
2449,607,3
2450,608,17
2451,608,16
2452,608,16
2453,608,7
2454,608,1
2455,608,18
2456,609,7
2457,609,2
2458,609,20
2459,609,7
2460,610,7
2461,610,16
2462,610,17
2463,610,18
2464,611,5
2465,611,5
2466,611,17
2467,611,20
2468,611,21
2469,611,8
2470,612,5
2471,612,19
2472,612,13
2473,612,9
2474,612,18
2475,613,6
2476,613,8
2477,613,8
2478,613,3
2479,614,17
2480,614,7
2481,614,13
2482,614,12
2483,614,19
2484,614,14
2485,615,6
2486,615,21
2487,615,16
2488,615,4
2489,615,7
2490,615,3
2491,616,8
2492,616,6
2493,616,3
2494,616,5
2495,617,6
2496,617,11
2497,617,7
2498,617,13
2499,617,3
2500,617,17
2501,618,10
2502,618,12
2503,618,2
2504,619,10
2505,619,20
2506,620,17
2507,620,4
2508,620,6
2509,620,14
2510,620,9
2511,621,2
2512,621,12
2513,621,6
2514,621,4
2515,622,2
2516,622,7
2517,622,10
2518,622,8
2519,623,15
2520,623,9
2521,623,16
2522,623,3
2523,623,2
2524,624,7
2525,624,5
2526,625,17
2527,625,8
2528,625,18
2529,625,3
2530,626,14
2531,626,17
2532,627,13
2533,627,6
2534,627,3
2535,627,10
2536,627,14
2537,627,6
2538,628,11
2539,628,2
2540,628,20
2541,628,9
2542,628,10
2543,628,1
2544,629,4
2545,629,1
2546,629,1
2547,630,17
2548,630,4
2549,630,11
2550,630,1
2551,630,12
2552,630,1
2553,631,11
2554,631,17
2555,631,11
2556,631,15
2557,631,14
2558,631,6
2559,632,8
2560,632,6
2561,632,2
2562,632,19
2563,632,18
2564,633,8
2565,633,14
2566,633,18
2567,633,11
2568,633,20
2569,634,4
2570,634,8
2571,634,17
2572,634,20
2573,634,21
2574,635,18
2575,635,10
2576,635,6
2577,636,11
2578,636,19
2579,636,5
2580,636,7
2581,636,10
2582,636,7
2583,637,17
2584,637,1
2585,637,3
2586,638,1
2587,638,4
2588,638,3
2589,638,6
2590,639,11
2591,639,10
2592,640,16
2593,640,4
2594,640,2
2595,640,2
2596,640,3
2597,640,13
2598,641,18
2599,641,18
2600,641,21
2601,641,20
2602,641,5
2603,641,16
2604,642,5
2605,642,6
2606,643,10
2607,643,9
2608,644,9
2609,644,3
2610,644,3
2611,644,2
2612,645,18
2613,645,5
2614,645,14
2615,645,3
2616,646,10
2617,646,1
2618,646,21
2619,646,2
2620,646,11
2621,647,10
2622,647,18
2623,648,14
2624,648,17
2625,648,3
2626,648,20
2627,648,7
2628,649,2
2629,649,13
2630,649,17
2631,649,20
2632,649,7
2633,649,18
2634,650,4
2635,650,5
2636,651,20
2637,651,20
2638,651,20
2639,651,20
2640,651,4
2641,652,3
2642,652,7
2643,652,20
2644,652,19
2645,653,14
2646,653,10
2647,654,4
2648,654,6
2649,654,10
2650,654,20
2651,655,10
2652,655,19
2653,656,2
2654,656,14
2655,656,16
2656,656,16
2657,656,17
2658,657,19
2659,657,8
2660,657,6
2661,658,13
2662,658,17
2663,658,6
2664,658,4
2665,658,10
2666,658,5
2667,659,20
2668,659,13
2669,660,6
2670,660,1
2671,660,17
2672,661,6
2673,661,3
2674,661,17
2675,661,10
2676,662,14
2677,662,16
2678,662,21
2679,662,18
2680,662,12
2681,662,10
2682,663,16
2683,663,12
2684,663,19
2685,663,6
2686,663,4
2687,663,9
2688,664,10
2689,664,2
2690,664,14
2691,664,13
2692,664,20
2693,664,9
2694,665,6
2695,665,14
2696,665,8
2697,665,20
2698,665,10
2699,666,5
2700,666,8
2701,666,1
2702,667,5
2703,667,2
2704,668,14
2705,668,10
2706,668,17
2707,668,20
2708,669,5
2709,669,7
2710,669,20
2711,669,1
2712,670,12
2713,670,4
2714,670,20
2715,671,2
2716,671,1
2717,671,20
2718,671,10
2719,671,1
2720,672,4
2721,672,13
2722,673,9
2723,673,19
2724,674,14
2725,674,4
2726,674,12
2727,674,5
2728,674,6
2729,674,13
2730,675,9
2731,675,2
2732,675,12
2733,675,1
2734,676,14
2735,676,5
2736,676,21
2737,677,2
2738,677,6
2739,677,21
2740,678,19
2741,678,12
2742,678,8
2743,678,4
2744,678,11
2745,678,17
2746,679,5
2747,679,7
2748,679,8
2749,679,15
2750,679,20
2751,679,11
2752,680,13
2753,680,11
2754,680,12
2755,680,10
2756,680,18
2757,680,21
2758,681,19
2759,681,7
2760,682,19
2761,682,11
2762,682,3
2763,683,18
2764,683,3
2765,683,21
2766,684,6
2767,684,11
2768,684,13
2769,685,16
2770,685,9
2771,685,3
2772,685,12
2773,685,21
2774,685,18
2775,686,16
2776,686,11
2777,687,18
2778,687,21
2779,687,18
2780,687,9
2781,688,19
2782,688,1
2783,689,10
2784,689,19
2785,690,13
2786,690,11
2787,691,7
2788,691,18
2789,691,1
2790,691,17
2791,691,6
2792,692,8
2793,692,5
2794,692,5
2795,692,16
2796,692,6
2797,692,10
2798,693,12
2799,693,11
2800,693,19
2801,693,11
2802,694,15
2803,694,10
2804,694,13
2805,694,6
2806,695,2
2807,695,4
2808,695,1
2809,695,10
2810,695,8
2811,696,5
2812,696,12
2813,697,11
2814,697,7
2815,697,19
2816,697,11
2817,697,1
2818,697,18
2819,698,13
2820,698,8
2821,698,3
2822,698,18
2823,698,5
2824,698,17
2825,699,16
2826,699,10
2827,699,15
2828,700,3
2829,700,5
2830,700,4
2831,700,1
2832,700,20
2833,701,17
2834,701,8
2835,701,9
2836,701,7
2837,701,15
2838,702,8
2839,702,3
2840,702,8
2841,703,17
2842,703,19
2843,703,21
2844,704,5
2845,704,12
2846,704,16
2847,704,3
2848,704,10
2849,704,2
2850,705,11
2851,705,9
2852,706,12
2853,706,11
2854,706,16
2855,707,19
2856,707,16
2857,707,10
2858,707,7
2859,707,11
2860,708,10
2861,708,17
2862,708,5
2863,709,9
2864,709,5
2865,709,4
2866,709,8
2867,709,13
2868,709,3
2869,710,5
2870,710,20
2871,710,16
2872,711,19
2873,711,14
2874,711,20
2875,711,6
2876,711,12
2877,712,8
2878,712,15
2879,712,5
2880,712,5
2881,712,21
2882,713,9
2883,713,20
2884,713,20
2885,714,20
2886,714,20
2887,715,14
2888,715,19
2889,715,10
2890,715,1
2891,715,3
2892,715,10
2893,716,19
2894,716,3
2895,716,14
2896,716,18
2897,716,17
2898,717,15
2899,717,21
2900,718,15
2901,718,7
2902,719,13
2903,719,9
2904,720,10
2905,720,18
2906,720,9
2907,720,12
2908,721,11
2909,721,14
2910,721,16
2911,721,1
2912,721,3
2913,722,6
2914,722,5
2915,722,13
2916,722,4
2917,722,20
2918,723,9
2919,723,21
2920,724,11
2921,724,8
2922,725,14
2923,725,4
2924,726,14
2925,726,7
2926,726,2
2927,726,9
2928,726,8
2929,727,9
2930,727,9
2931,727,8
2932,728,9
2933,728,14
2934,728,5
2935,728,5
2936,728,8
2937,728,4
2938,729,1
2939,729,14
2940,729,10
2941,729,1
2942,729,10
2943,729,20
2944,730,13
2945,730,12
2946,730,6
2947,731,14
2948,731,5
2949,731,16
2950,732,5
2951,732,18
2952,732,14
2953,732,6
2954,732,7
2955,732,14
2956,733,7
2957,733,16
2958,733,19
2959,733,7
2960,733,12
2961,734,15
2962,734,3
2963,734,11
2964,735,19
2965,735,21
2966,735,15
2967,736,17
2968,736,2
2969,736,13
2970,736,16
2971,736,12
2972,736,2
2973,737,7
2974,737,19
2975,737,2
2976,737,5
2977,737,21
2978,737,7
2979,738,14
2980,738,15
2981,739,11
2982,739,1
2983,739,10
2984,739,1
2985,739,5
2986,740,13
2987,740,11
2988,741,5
2989,741,21
2990,741,5
2991,741,1
2992,742,15
2993,742,20
2994,742,6
2995,742,1
2996,742,21
2997,743,16
2998,743,12
2999,743,6
3000,743,2
3001,743,10
3002,743,7
3003,744,10
3004,744,13
3005,745,6
3006,745,17
3007,745,2
3008,746,14
3009,746,21
3010,746,4
3011,746,6
3012,747,19
3013,747,6
3014,748,8
3015,748,18
3016,748,3
3017,748,21
3018,748,19
3019,748,4
3020,749,19
3021,749,5
3022,749,14
3023,749,19
3024,749,10
3025,750,16
3026,750,19
3027,750,15
3028,751,18
3029,751,10
3030,751,3
3031,751,11
3032,751,17
3033,752,6
3034,752,5
3035,752,14
3036,752,16
3037,753,17
3038,753,2
3039,753,20
3040,753,14
3041,753,13
3042,754,19
3043,754,12
3044,754,16
3045,754,17
3046,754,18
3047,754,6
3048,755,1
3049,755,6
3050,755,18
3051,756,18
3052,756,20
3053,756,8
3054,757,7
3055,757,16
3056,757,19
3057,757,14
3058,758,11
3059,758,3
3060,759,17
3061,759,10
3062,759,18
3063,759,21
3064,760,18
3065,760,12
3066,761,18
3067,761,10
3068,761,3
3069,761,1
3070,761,1
3071,761,15
3072,762,3
3073,762,10
3074,762,9
3075,762,6
3076,763,3
3077,763,10
3078,764,9
3079,764,15
3080,765,12
3081,765,12
3082,765,18
3083,765,11
3084,765,17
3085,765,4
3086,766,18
3087,766,19
3088,766,11
3089,766,17
3090,766,5
3091,766,19
3092,767,9
3093,767,4
3094,767,21
3095,767,15
3096,767,14
3097,767,19
3098,768,20
3099,768,13
3100,769,7
3101,769,17
3102,769,3
3103,770,16
3104,770,13
3105,770,15
3106,771,16
3107,771,16
3108,771,8
3109,771,11
3110,771,2
3111,772,20
3112,772,11
3113,772,5
3114,773,16
3115,773,16
3116,773,7
3117,774,7
3118,774,20
3119,775,8
3120,775,5
3121,775,6
3122,775,16
3123,775,1
3124,776,16
3125,776,15
3126,776,12
3127,776,18
3128,776,3
3129,777,17
3130,777,16
3131,777,8
3132,777,19
3133,778,1
3134,778,19
3135,778,1
3136,778,2
3137,779,15
3138,779,21
3139,780,15
3140,780,18
3141,780,3
3142,781,18
3143,781,8
3144,781,11
3145,781,10
3146,782,10
3147,782,15
3148,782,3
3149,782,9
3150,782,11
3151,783,21
3152,783,15
3153,783,12
3154,783,3
3155,783,16
3156,784,21
3157,784,7
3158,784,12
3159,784,19
3160,785,20
3161,785,1
3162,786,4
3163,786,3
3164,786,17
3165,786,19
3166,786,6
3167,786,5
3168,787,13
3169,787,14
3170,787,6
3171,787,15
3172,787,10
3173,787,11
3174,788,10
3175,788,12
3176,788,10
3177,788,11
3178,789,5
3179,789,8
3180,789,5
3181,789,7
3182,789,4
3183,790,17
3184,790,6
3185,790,1
3186,791,15
3187,791,19
3188,791,9
3189,791,19
3190,791,1
3191,792,12
3192,792,16
3193,792,18
3194,793,17
3195,793,20
3196,793,19
3197,793,20
3198,794,11
3199,794,21
3200,794,18
3201,794,17
3202,794,19
3203,794,13
3204,795,10
3205,795,12
3206,795,5
3207,795,8
3208,796,16
3209,796,7
3210,796,11
3211,797,13
3212,797,3
3213,797,8
3214,797,18
3215,798,18
3216,798,13
3217,798,6
3218,799,6
3219,799,15
3220,799,20
3221,799,1
3222,799,1
3223,800,11
3224,800,10
3225,800,5
3226,800,14
3227,800,19
3228,800,20
3229,801,9
3230,801,14
3231,802,21
3232,802,4
3233,802,20
3234,802,7
3235,803,9
3236,803,19
3237,804,15
3238,804,13
3239,804,16
3240,805,1
3241,805,3
3242,806,18
3243,806,6
3244,806,13
3245,806,4
3246,806,19
3247,807,12
3248,807,17
3249,807,14
3250,807,1
3251,808,10
3252,808,15
3253,808,6
3254,808,3
3255,809,19
3256,809,14
3257,809,12
3258,809,10
3259,810,21
3260,810,6
3261,811,15
3262,811,15
3263,811,7
3264,811,7
3265,812,9
3266,812,9
3267,812,9
3268,812,6
3269,812,2
3270,813,9
3271,813,9
3272,813,16
3273,813,20
3274,814,8
3275,814,5
3276,815,8
3277,815,2
3278,815,13
3279,815,15
3280,816,13
3281,816,9
3282,816,20
3283,816,20
3284,817,16
3285,817,7
3286,817,2
3287,817,8
3288,817,4
3289,818,11
3290,818,20
3291,818,18
3292,819,10
3293,819,15
3294,819,3
3295,819,21
3296,820,13
3297,820,15
3298,820,20
3299,821,1
3300,821,4
3301,821,9
3302,821,16
3303,822,3
3304,822,16
3305,822,2
3306,822,1
3307,822,14
3308,823,7
3309,823,16
3310,824,7
3311,824,13
3312,824,5
3313,825,3
3314,825,3
3315,826,21
3316,826,7
3317,826,13
3318,826,13
3319,826,18
3320,827,8
3321,827,14
3322,827,12
3323,827,8
3324,827,8
3325,827,3
3326,828,16
3327,828,2
3328,828,9
3329,829,19
3330,829,16
3331,829,18
3332,829,11
3333,830,18
3334,830,19
3335,831,18
3336,831,12
3337,831,14
3338,831,4
3339,831,1
3340,832,7
3341,832,13
3342,832,8
3343,832,18
3344,832,13
3345,832,14
3346,833,20
3347,833,11
3348,834,5
3349,834,18
3350,834,3
3351,835,18
3352,835,12
3353,835,9
3354,836,17
3355,836,4
3356,836,9
3357,836,10
3358,836,14
3359,836,8
3360,837,10
3361,837,11
3362,837,8
3363,837,12
3364,838,19
3365,838,21
3366,839,16
3367,839,10
3368,839,6
3369,840,12
3370,840,11
3371,840,12
3372,841,11
3373,841,12
3374,842,21
3375,842,1
3376,842,3
3377,842,2
3378,842,20
3379,842,13
3380,843,1
3381,843,21
3382,843,9
3383,844,8
3384,844,10
3385,844,15
3386,844,2
3387,845,2
3388,845,15
3389,845,21
3390,846,6
3391,846,19
3392,846,20
3393,846,5
3394,846,5
3395,847,4
3396,847,19
3397,847,9
3398,847,3
3399,848,2
3400,848,21
3401,848,20
3402,848,5
3403,848,21
3404,849,14
3405,849,12
3406,850,3
3407,850,3
3408,850,11
3409,850,12
3410,851,15
3411,851,6
3412,851,8
3413,851,15
3414,852,6
3415,852,21
3416,853,21
3417,853,15
3418,853,5
3419,853,12
3420,854,16
3421,854,20
3422,854,1
3423,854,10
3424,854,4
3425,855,12
3426,855,18
3427,855,3
3428,855,6
3429,856,1
3430,856,20
3431,857,17
3432,857,17
3433,857,11
3434,858,12
3435,858,4
3436,858,4
3437,858,4
3438,858,13
3439,859,6
3440,859,15
3441,859,3
3442,860,3
3443,860,17
3444,860,6
3445,860,2
3446,860,14
3447,860,17
3448,861,16
3449,861,16
3450,861,2
3451,862,11
3452,862,11
3453,862,21
3454,862,9
3455,862,19
3456,862,16
3457,863,21
3458,863,16
3459,863,16
3460,863,18
3461,864,15
3462,864,8
3463,865,15
3464,865,10
3465,865,6
3466,865,18
3467,866,2
3468,866,11
3469,867,13
3470,867,2
3471,868,11
3472,868,2
3473,868,3
3474,868,7
3475,868,11
3476,869,19
3477,869,4
3478,869,8
3479,869,20
3480,870,16
3481,870,4
3482,870,13
3483,870,19
3484,870,8
3485,870,1
3486,871,7
3487,871,6
3488,871,5
3489,871,14
3490,872,13
3491,872,12
3492,872,2
3493,872,2
3494,873,13
3495,873,9
3496,874,16
3497,874,10
3498,874,21
3499,874,21
3500,874,14
3501,874,18
3502,875,3
3503,875,11
3504,875,20
3505,875,19
3506,875,8
3507,875,7
3508,876,11
3509,876,11
3510,876,1
3511,876,17
3512,877,18
3513,877,2
3514,877,19
3515,877,16
3516,877,16
3517,877,8
3518,878,21
3519,878,6
3520,878,13
3521,878,19
3522,878,7
3523,878,4
3524,879,5
3525,879,8
3526,879,11
3527,879,16
3528,880,2
3529,880,21
3530,880,19
3531,881,9
3532,881,2
3533,881,10
3534,882,13
3535,882,19
3536,882,17
3537,883,3
3538,883,9
3539,883,4
3540,884,14
3541,884,5
3542,884,7
3543,885,21
3544,885,3
3545,885,6
3546,885,12
3547,885,21
3548,885,17
3549,886,8
3550,886,10
3551,886,3
3552,887,2
3553,887,14
3554,887,6
3555,887,4
3556,887,6
3557,887,10
3558,888,19
3559,888,15
3560,888,21
3561,888,11
3562,888,14
3563,888,1
3564,889,14
3565,889,8
3566,889,17
3567,889,5
3568,890,17
3569,890,11
3570,890,1
3571,891,15
3572,891,9
3573,891,7
3574,891,19
3575,891,7
3576,891,7
3577,892,20
3578,892,2
3579,892,3
3580,892,2
3581,892,16
3582,893,12
3583,893,18
3584,893,6
3585,894,3
3586,894,6
3587,894,15
3588,895,11
3589,895,10
3590,895,20
3591,895,4
3592,896,19
3593,896,9
3594,896,4
3595,896,1
3596,896,8
3597,896,9
3598,897,19
3599,897,19
3600,897,1
3601,897,12
3602,897,2
3603,897,20
3604,898,1
3605,898,18
3606,898,4
3607,899,5
3608,899,12
3609,899,8
3610,899,3
3611,899,16
3612,900,4
3613,900,3
3614,900,16
3615,901,5
3616,901,11
3617,902,4
3618,902,16
3619,902,9
3620,902,12
3621,903,17
3622,903,1
3623,904,17
3624,904,21
3625,904,7
3626,905,2
3627,905,9
3628,905,7
3629,905,16
3630,905,20
3631,906,1
3632,906,2
3633,906,6
3634,906,21
3635,906,14
3636,906,6
3637,907,11
3638,907,1
3639,907,20
3640,907,5
3641,908,5
3642,908,14
3643,908,17
3644,908,2
3645,908,7
3646,909,8
3647,909,13
3648,910,11
3649,910,15
3650,910,16
3651,910,3
3652,911,11
3653,911,12
3654,911,14
3655,912,15
3656,912,9
3657,912,2
3658,913,13
3659,913,12
3660,913,12
3661,914,4
3662,914,15
3663,914,20
3664,914,4
3665,915,11
3666,915,12
3667,916,11
3668,916,20
3669,916,8
3670,916,16
3671,916,21
3672,916,11
3673,917,18
3674,917,17
3675,917,12
3676,917,13
3677,917,17
3678,918,18
3679,918,13
3680,918,6
3681,918,21
3682,918,2
3683,918,1
3684,919,3
3685,919,11
3686,919,8
3687,919,5
3688,920,18
3689,920,8
3690,921,11
3691,921,2
3692,921,8
3693,921,10
3694,921,16
3695,922,19
3696,922,8
3697,922,14
3698,922,7
3699,922,16
3700,922,13
3701,923,12
3702,923,5
3703,923,6
3704,923,19
3705,924,13
3706,924,15
3707,924,16
3708,924,13
3709,924,17
3710,925,8
3711,925,11
3712,926,20
3713,926,8
3714,926,4
3715,927,19
3716,927,14
3717,927,15
3718,928,3
3719,928,3
3720,928,6
3721,928,1
3722,928,4
3723,928,1
3724,929,1
3725,929,4
3726,929,7
3727,930,13
3728,930,3
3729,930,6
3730,930,12
3731,930,11
3732,931,7
3733,931,1
3734,931,1
3735,932,13
3736,932,17
3737,932,19
3738,932,19
3739,932,1
3740,932,20
3741,933,8
3742,933,19
3743,933,4
3744,933,8
3745,933,3
3746,934,15
3747,934,8
3748,934,10
3749,934,6
3750,934,20
3751,934,3
3752,935,21
3753,935,5
3754,935,6
3755,935,6
3756,935,5
3757,935,8
3758,936,20
3759,936,3
3760,937,14
3761,937,19
3762,938,14
3763,938,3
3764,938,4
3765,938,10
3766,938,19
3767,938,8
3768,939,20
3769,939,3
3770,939,6
3771,939,4
3772,939,1
3773,939,17
3774,940,7
3775,940,18
3776,940,3
3777,941,21
3778,941,11
3779,941,8
3780,941,20
3781,942,2
3782,942,12
3783,942,12
3784,942,13
3785,942,17
3786,943,21
3787,943,19
3788,943,10
3789,943,10
3790,943,6
3791,943,16
3792,944,19
3793,944,20
3794,944,1
3795,944,20
3796,944,19
3797,945,20
3798,945,20
3799,945,18
3800,945,6
3801,945,8
3802,945,5
3803,946,7
3804,946,19
3805,946,11
3806,946,2
3807,946,14
3808,947,18
3809,947,18
3810,947,12
3811,947,17
3812,947,5
3813,947,8
3814,948,14
3815,948,1
3816,948,13
3817,949,2
3818,949,12
3819,949,4
3820,949,14
3821,950,4
3822,950,1
3823,951,20
3824,951,20
3825,951,16
3826,951,7
3827,951,3
3828,951,16
3829,952,16
3830,952,5
3831,952,2
3832,952,11
3833,952,10
3834,953,8
3835,953,7
3836,953,11
3837,953,19
3838,953,21
3839,954,20
3840,954,2
3841,954,11
3842,954,18
3843,954,19
3844,954,6
3845,955,19
3846,955,21
3847,955,14
3848,956,2
3849,956,11
3850,956,8
3851,956,18
3852,956,20
3853,957,15
3854,957,7
3855,958,4
3856,958,4
3857,958,17
3858,958,15
3859,958,9
3860,959,12
3861,959,2
3862,960,12
3863,960,2
3864,960,6
3865,960,4
3866,960,2
3867,961,1
3868,961,18
3869,961,16
3870,961,4
3871,962,4
3872,962,4
3873,963,2
3874,963,7
3875,964,10
3876,964,10
3877,964,21
3878,964,16
3879,964,20
3880,964,21
3881,965,7
3882,965,15
3883,965,13
3884,965,3
3885,965,5
3886,966,3
3887,966,13
3888,966,18
3889,966,14
3890,966,4
3891,967,3
3892,967,1
3893,968,17
3894,968,11
3895,968,13
3896,969,5
3897,969,19
3898,969,15
3899,969,5
3900,969,18
3901,969,18
3902,970,6
3903,970,7
3904,970,8
3905,970,5
3906,970,18
3907,970,4
3908,971,14
3909,971,4
3910,971,3
3911,972,8
3912,972,3
3913,972,20
3914,972,21
3915,972,3
3916,973,1
3917,973,17
3918,973,12
3919,974,20
3920,974,11
3921,974,8
3922,974,15
3923,974,2
3924,975,9
3925,975,9
3926,976,11
3927,976,7
3928,977,9
3929,977,5
3930,977,18
3931,978,12
3932,978,5
3933,978,10
3934,978,8
3935,978,20
3936,979,3
3937,979,15
3938,980,14
3939,980,12
3940,980,12
3941,980,13
3942,980,18
3943,980,5
3944,981,1
3945,981,10
3946,981,16
3947,981,17
3948,982,5
3949,982,18
3950,983,6
3951,983,17
3952,983,15
3953,983,10
3954,984,8
3955,984,2
3956,984,11
3957,984,21
3958,985,9
3959,985,10
3960,985,18
3961,985,15
3962,986,2
3963,986,8
3964,986,6
3965,986,15
3966,986,13
3967,987,10
3968,987,8
3969,987,11
3970,987,3
3971,988,9
3972,988,12
3973,988,7
3974,988,15
3975,989,3
3976,989,16
3977,990,15
3978,990,13
3979,990,21
3980,990,8
3981,990,12
3982,991,17
3983,991,11
3984,991,19
3985,991,14
3986,991,15
3987,992,12
3988,992,1
3989,992,7
3990,992,11
3991,992,20
3992,993,20
3993,993,2
3994,994,21
3995,994,8
3996,994,4
3997,995,3
3998,995,16
3999,995,19
4000,996,13
4001,996,13
4002,996,2
4003,996,21
4004,996,13
4005,996,14
4006,997,7
4007,997,3
4008,997,6
4009,997,2
4010,997,8
4011,997,19
4012,998,10
4013,998,6
4014,998,12
4015,999,14
4016,999,18
4017,1000,21
4018,1000,11
4019,1000,2
4020,1000,14
4021,1000,15
