ReservationID,CustomerID,Date,PartySize
1,74,2018-06-01 15:30:00,6
2,67,2018-06-02 13:30:00,2
3,16,2018-06-04 08:00:00,4
4,87,2018-06-04 19:30:00,5
5,29,2018-06-06 13:00:00,1
6,68,2018-06-06 13:30:00,5
7,29,2018-06-06 15:00:00,1
8,88,2018-06-10 11:00:00,4
9,65,2018-06-11 09:30:00,3
10,10,2018-06-14 09:00:00,1
11,47,2018-06-14 13:30:00,1
12,63,2018-06-14 21:30:00,5
13,68,2018-06-15 09:30:00,2
14,64,2018-06-15 16:30:00,2
15,71,2018-06-15 20:00:00,3
16,20,2018-06-16 20:30:00,5
17,98,2018-06-17 14:00:00,3
18,85,2018-06-17 16:30:00,3
19,60,2018-06-17 17:30:00,6
20,46,2018-06-18 12:30:00,5
21,82,2018-06-19 14:30:00,3
22,87,2018-06-20 08:00:00,3
23,53,2018-06-20 20:30:00,7
24,51,2018-06-21 08:30:00,2
25,67,2018-06-21 13:00:00,5
26,32,2018-06-21 14:00:00,4
27,61,2018-06-22 16:00:00,3
28,8,2018-06-23 09:00:00,7
29,14,2018-06-23 11:30:00,3
30,66,2018-06-24 08:30:00,7
31,55,2018-06-24 14:30:00,7
32,71,2018-06-24 19:00:00,2
33,31,2018-06-27 19:00:00,6
34,41,2018-06-28 18:30:00,3
35,78,2018-06-28 20:30:00,3
36,31,2018-07-01 18:30:00,4
37,51,2018-07-02 09:00:00,1
38,80,2018-07-02 20:00:00,2
39,17,2018-07-03 12:00:00,4
40,89,2018-07-03 15:30:00,7
41,52,2018-07-03 18:00:00,3
42,21,2018-07-04 09:00:00,6
43,26,2018-07-04 11:30:00,1
44,19,2018-07-04 14:30:00,6
45,12,2018-07-06 08:30:00,7
46,75,2018-07-06 14:00:00,6
47,73,2018-07-06 17:30:00,5
48,86,2018-07-07 13:00:00,4
49,48,2018-07-07 18:00:00,4
50,21,2018-07-08 13:30:00,1
51,64,2018-07-08 14:30:00,6
52,18,2018-07-09 14:30:00,6
53,2,2018-07-09 16:30:00,3
54,50,2018-07-10 15:00:00,3
55,5,2018-07-11 15:30:00,3
56,4,2018-07-14 20:30:00,7
57,15,2018-07-15 14:00:00,6
58,40,2018-07-15 17:00:00,5
59,13,2018-07-15 17:00:00,4
60,51,2018-07-15 18:30:00,6
61,95,2018-07-16 12:30:00,5
62,85,2018-07-16 14:00:00,7
63,22,2018-07-16 16:00:00,2
64,44,2018-07-16 19:30:00,3
65,12,2018-07-17 19:00:00,1
66,66,2018-07-18 14:30:00,2
67,87,2018-07-21 11:00:00,6
68,29,2018-07-22 18:30:00,5
69,91,2018-07-23 09:00:00,5
70,34,2018-07-23 10:00:00,3
71,34,2018-07-24 12:30:00,1
72,94,2018-07-24 14:00:00,2
73,87,2018-07-24 20:00:00,2
74,23,2018-07-27 19:30:00,6
75,67,2018-07-28 13:00:00,5
76,53,2018-07-29 09:00:00,4
77,5,2018-07-29 17:30:00,4
78,100,2018-07-31 14:30:00,5
79,72,2018-08-03 10:00:00,1
80,14,2018-08-03 19:00:00,6
81,49,2018-08-08 14:30:00,2
82,88,2018-08-10 08:00:00,6
83,21,2018-08-10 14:00:00,2
84,15,2018-08-10 20:30:00,5
85,98,2018-08-11 18:30:00,1
86,17,2018-08-12 20:00:00,1
87,81,2018-08-12 21:00:00,5
88,55,2018-08-13 13:30:00,1
89,1,2018-08-14 12:00:00,5
90,78,2018-08-14 13:30:00,3
91,90,2018-08-15 16:30:00,6
92,57,2018-08-17 17:00:00,4
93,9,2018-08-17 20:00:00,1
94,44,2018-08-18 17:00:00,6
95,26,2018-08-18 19:30:00,6
96,72,2018-08-19 12:30:00,3
97,80,2018-08-21 10:00:00,5
98,31,2018-08-21 13:00:00,1
99,12,2018-08-22 19:00:00,3
100,86,2018-08-23 09:00:00,7
101,72,2018-08-23 14:00:00,3
102,61,2018-08-23 19:00:00,1
103,25,2018-08-24 08:00:00,3
104,70,2018-08-26 19:00:00,1
105,81,2018-08-27 17:00:00,3
106,7,2018-08-28 12:30:00,1
107,37,2018-08-28 17:30:00,4
108,90,2018-08-29 16:00:00,5
109,47,2018-08-31 12:30:00,7
110,70,2018-08-31 17:30:00,7
111,87,2018-09-01 08:00:00,2
112,59,2018-09-01 16:00:00,1
113,62,2018-09-01 21:30:00,2
114,83,2018-09-02 14:00:00,2
115,83,2018-09-03 18:00:00,1
116,35,2018-09-06 15:30:00,3
117,12,2018-09-06 17:00:00,5
118,12,2018-09-07 20:30:00,3
119,100,2018-09-08 15:00:00,5
120,43,2018-09-09 17:30:00,2
121,99,2018-09-10 17:00:00,5
122,71,2018-09-11 15:30:00,3
123,66,2018-09-11 16:30:00,5
124,6,2018-09-11 16:30:00,2
125,53,2018-09-11 20:30:00,1
126,12,2018-09-12 11:00:00,1
127,5,2018-09-12 14:00:00,4
128,99,2018-09-12 16:30:00,6
129,30,2018-09-13 10:30:00,3
130,31,2018-09-13 13:30:00,5
131,98,2018-09-14 20:00:00,4
132,97,2018-09-15 08:00:00,3
133,13,2018-09-15 09:00:00,4
134,33,2018-09-15 10:30:00,4
135,6,2018-09-15 14:00:00,6
136,84,2018-09-15 19:30:00,7
137,84,2018-09-17 12:00:00,3
138,89,2018-09-18 12:30:00,7
139,61,2018-09-18 19:30:00,4
140,63,2018-09-19 08:30:00,7
141,58,2018-09-19 09:00:00,6
142,91,2018-09-19 10:00:00,6
143,97,2018-09-19 11:30:00,4
144,53,2018-09-19 11:30:00,7
145,24,2018-09-19 19:00:00,6
146,57,2018-09-20 08:00:00,6
147,25,2018-09-20 14:30:00,1
148,70,2018-09-21 08:30:00,3
149,58,2018-09-21 08:30:00,5
150,39,2018-09-21 11:30:00,3
151,25,2018-09-22 09:30:00,2
152,84,2018-09-22 12:00:00,3
153,63,2018-09-23 16:30:00,7
154,31,2018-09-23 18:30:00,3
155,26,2018-09-24 12:00:00,3
156,46,2018-09-24 20:00:00,4
157,44,2018-09-25 15:30:00,4
158,65,2018-09-26 17:00:00,5
159,25,2018-09-26 17:00:00,1
160,61,2018-09-26 21:30:00,1
161,99,2018-09-28 19:30:00,5
162,55,2018-09-28 20:00:00,1
163,24,2018-09-29 21:00:00,2
164,78,2018-09-30 12:30:00,3
165,31,2018-09-30 16:00:00,5
166,72,2018-10-01 14:30:00,7
167,41,2018-10-04 12:30:00,3
168,38,2018-10-06 09:00:00,5
169,76,2018-10-06 10:00:00,5
170,47,2018-10-06 16:00:00,7
171,6,2018-10-07 09:00:00,4
172,100,2018-10-08 10:30:00,6
173,65,2018-10-10 16:30:00,5
174,60,2018-10-11 17:00:00,7
175,85,2018-10-11 21:00:00,7
176,73,2018-10-12 15:30:00,4
177,73,2018-10-14 08:30:00,6
178,48,2018-10-14 10:30:00,1
179,24,2018-10-14 19:00:00,7
180,17,2018-10-15 12:00:00,1
181,16,2018-10-16 11:30:00,2
182,1,2018-10-16 20:00:00,3
183,10,2018-10-17 08:30:00,5
184,33,2018-10-17 12:30:00,5
185,75,2018-10-18 12:30:00,3
186,1,2018-10-18 19:30:00,3
187,54,2018-10-20 13:30:00,2
188,97,2018-10-20 15:00:00,4
189,82,2018-10-20 20:00:00,6
190,85,2018-10-20 20:30:00,5
191,8,2018-10-21 08:30:00,7
192,1,2018-10-21 13:00:00,2
193,71,2018-10-21 15:30:00,4
194,100,2018-10-22 13:30:00,3
195,78,2018-10-22 19:00:00,1
196,55,2018-10-23 12:30:00,2
197,93,2018-10-26 12:30:00,7
198,1,2018-10-27 15:00:00,4
199,11,2018-10-27 20:30:00,5
200,52,2018-10-28 08:00:00,7
201,22,2018-10-28 09:30:00,3
202,49,2018-10-30 10:00:00,4
203,97,2018-11-01 15:30:00,7
204,73,2018-11-01 16:30:00,3
205,41,2018-11-02 15:30:00,6
206,11,2018-11-04 13:00:00,3
207,26,2018-11-05 18:00:00,5
208,94,2018-11-05 20:30:00,7
209,42,2018-11-06 13:30:00,2
210,18,2018-11-06 13:30:00,1
211,19,2018-11-06 21:30:00,5
212,26,2018-11-09 08:00:00,2
213,27,2018-11-10 20:00:00,5
214,52,2018-11-11 12:00:00,4
215,35,2018-11-11 12:30:00,3
216,25,2018-11-12 09:30:00,3
217,1,2018-11-12 17:30:00,1
218,82,2018-11-16 16:30:00,5
219,9,2018-11-16 20:00:00,6
220,45,2018-11-20 18:00:00,2
221,47,2018-11-21 08:30:00,6
222,81,2018-11-22 15:30:00,1
223,72,2018-11-23 11:30:00,6
224,100,2018-11-23 20:00:00,3
225,95,2018-11-23 20:00:00,3
226,84,2018-11-24 10:30:00,7
227,13,2018-11-24 18:30:00,5
228,65,2018-11-25 08:00:00,3
229,41,2018-11-25 10:00:00,7
230,67,2018-11-26 13:30:00,3
231,93,2018-11-27 13:30:00,7
232,83,2018-11-28 21:00:00,4
233,64,2018-11-30 09:30:00,1
234,89,2018-12-01 12:00:00,6
235,74,2018-12-01 14:30:00,5
236,78,2018-12-01 17:30:00,2
237,12,2018-12-03 09:30:00,4
238,31,2018-12-04 09:30:00,3
239,29,2018-12-04 12:30:00,6
240,32,2018-12-04 12:30:00,1
241,30,2018-12-04 14:30:00,5
242,94,2018-12-04 15:30:00,4
243,10,2018-12-05 16:00:00,3
244,76,2018-12-06 20:30:00,6
245,92,2018-12-08 17:00:00,4
246,25,2018-12-09 11:30:00,5
247,89,2018-12-09 14:00:00,1
248,44,2018-12-10 12:00:00,2
249,13,2018-12-10 15:00:00,6
250,12,2018-12-12 18:30:00,7
251,60,2018-12-13 12:30:00,7
252,15,2018-12-13 13:30:00,1
253,40,2018-12-16 13:30:00,7
254,46,2018-12-17 08:00:00,1
255,45,2018-12-17 09:00:00,5
256,57,2018-12-17 18:00:00,1
257,7,2018-12-18 17:30:00,5
258,18,2018-12-18 19:00:00,6
259,99,2018-12-19 15:00:00,4
260,68,2018-12-20 14:30:00,7
261,30,2018-12-20 21:00:00,4
262,13,2018-12-21 09:00:00,5
263,100,2018-12-21 15:00:00,2
264,87,2018-12-23 08:30:00,3
265,76,2018-12-23 20:00:00,6
266,84,2018-12-24 20:30:00,5
267,49,2018-12-25 17:30:00,1
268,73,2018-12-26 09:30:00,7
269,70,2018-12-26 12:30:00,5
270,2,2018-12-28 21:00:00,3
271,34,2018-12-29 12:30:00,1
272,100,2018-12-29 15:30:00,6
273,75,2018-12-30 12:30:00,3
274,94,2018-12-30 14:30:00,2
275,86,2019-01-04 14:30:00,4
276,87,2019-01-04 16:00:00,3
277,86,2019-01-05 08:00:00,4
278,7,2019-01-05 17:30:00,7
279,4,2019-01-06 20:30:00,5
280,100,2019-01-07 12:30:00,6
281,14,2019-01-08 08:00:00,5
282,99,2019-01-08 13:30:00,4
283,66,2019-01-11 09:00:00,3
284,15,2019-01-11 14:00:00,1
285,58,2019-01-12 15:30:00,4
286,99,2019-01-12 17:00:00,7
287,16,2019-01-12 21:00:00,4
288,40,2019-01-13 10:00:00,6
289,32,2019-01-14 11:00:00,4
290,3,2019-01-15 10:30:00,2
291,18,2019-01-15 11:00:00,3
292,15,2019-01-15 13:30:00,2
293,57,2019-01-16 17:30:00,3
294,60,2019-01-17 08:30:00,5
295,55,2019-01-18 08:30:00,6
296,93,2019-01-18 09:30:00,1
297,48,2019-01-18 14:00:00,6
298,90,2019-01-19 18:00:00,2
299,23,2019-01-19 21:00:00,4
300,37,2019-01-20 10:30:00,4
301,72,2019-01-22 13:30:00,6
302,58,2019-01-22 17:30:00,4
303,49,2019-01-23 08:30:00,4
304,66,2019-01-23 10:00:00,1
305,15,2019-01-23 15:00:00,2
306,25,2019-01-24 20:30:00,5
307,72,2019-01-26 14:30:00,2
308,64,2019-01-26 16:00:00,4
309,64,2019-01-26 16:30:00,2
310,53,2019-01-26 18:00:00,4
311,68,2019-01-27 13:00:00,4
312,82,2019-01-27 15:00:00,5
313,51,2019-01-28 12:30:00,2
314,36,2019-01-28 14:00:00,6
315,62,2019-01-28 20:30:00,1
316,64,2019-01-29 14:00:00,1
317,97,2019-01-29 21:00:00,1
318,51,2019-01-30 14:30:00,1
319,69,2019-01-31 16:30:00,1
320,56,2019-02-01 16:30:00,2
321,1,2019-02-02 18:00:00,1
322,39,2019-02-03 13:00:00,6
323,1,2019-02-04 13:00:00,2
324,80,2019-02-04 14:30:00,7
325,82,2019-02-04 20:30:00,3
326,62,2019-02-05 19:00:00,2
327,79,2019-02-06 19:00:00,4
328,25,2019-02-07 14:30:00,6
329,96,2019-02-08 17:30:00,3
330,24,2019-02-08 21:30:00,7
331,14,2019-02-10 08:00:00,6
332,57,2019-02-10 16:00:00,3
333,100,2019-02-11 08:30:00,1
334,7,2019-02-11 14:30:00,6
335,2,2019-02-11 16:30:00,4
336,34,2019-02-11 16:30:00,1
337,96,2019-02-12 09:30:00,1
338,55,2019-02-12 10:00:00,6
339,53,2019-02-12 20:30:00,7
340,60,2019-02-13 12:30:00,3
341,29,2019-02-14 08:00:00,6
342,15,2019-02-14 14:30:00,6
343,68,2019-02-15 08:00:00,3
344,36,2019-02-15 10:00:00,1
345,65,2019-02-16 16:00:00,5
346,57,2019-02-17 09:30:00,5
347,56,2019-02-17 20:00:00,3
348,36,2019-02-18 10:00:00,2
349,39,2019-02-18 13:00:00,1
350,56,2019-02-18 16:30:00,3
351,99,2019-02-19 10:30:00,7
352,27,2019-02-20 19:00:00,1
353,48,2019-02-20 19:30:00,3
354,46,2019-02-21 13:30:00,4
355,74,2019-02-21 19:00:00,6
356,89,2019-02-22 15:00:00,3
357,69,2019-02-23 17:00:00,4
358,63,2019-02-25 14:30:00,2
359,79,2019-02-25 14:30:00,5
360,64,2019-02-25 17:30:00,4
361,66,2019-02-25 18:00:00,6
362,49,2019-02-26 13:30:00,5
363,50,2019-02-26 15:00:00,1
364,86,2019-02-26 16:30:00,6
365,32,2019-02-27 21:00:00,1
366,11,2019-02-28 19:30:00,6
367,34,2019-03-01 10:00:00,3
368,17,2019-03-02 14:00:00,4
369,73,2019-03-02 16:30:00,2
370,59,2019-03-04 08:00:00,6
371,9,2019-03-04 17:30:00,5
372,97,2019-03-04 21:00:00,3
373,42,2019-03-05 10:30:00,1
374,21,2019-03-06 08:30:00,6
375,41,2019-03-06 13:30:00,5
376,47,2019-03-06 20:30:00,4
377,21,2019-03-07 16:00:00,3
378,83,2019-03-09 08:30:00,3
379,99,2019-03-10 08:00:00,6
380,77,2019-03-10 09:00:00,2
381,80,2019-03-10 11:30:00,1
382,16,2019-03-12 16:30:00,4
383,26,2019-03-12 17:00:00,6
384,68,2019-03-13 13:30:00,6
385,99,2019-03-13 14:00:00,6
386,50,2019-03-13 17:00:00,7
387,95,2019-03-14 12:00:00,4
388,86,2019-03-15 20:30:00,2
389,32,2019-03-16 18:00:00,4
390,66,2019-03-17 16:30:00,4
391,32,2019-03-19 14:30:00,7
392,42,2019-03-19 14:30:00,6
393,63,2019-03-19 17:30:00,6
394,72,2019-03-21 11:00:00,4
395,85,2019-03-21 21:30:00,4
396,83,2019-03-24 11:30:00,3
397,25,2019-03-25 09:00:00,3
398,29,2019-03-25 13:30:00,2
399,71,2019-03-27 16:30:00,3
400,14,2019-03-28 21:30:00,3
401,57,2019-03-29 13:30:00,2
402,26,2019-03-31 14:30:00,1
403,83,2019-03-31 20:00:00,5
404,6,2019-03-31 21:30:00,1
405,21,2019-04-01 09:00:00,3
406,12,2019-04-01 16:00:00,7
407,67,2019-04-02 08:30:00,5
408,64,2019-04-03 08:30:00,1
409,55,2019-04-03 12:30:00,6
410,63,2019-04-05 12:30:00,6
411,74,2019-04-05 14:00:00,3
412,36,2019-04-05 17:30:00,5
413,34,2019-04-05 19:00:00,2
414,71,2019-04-06 10:00:00,7
415,39,2019-04-06 20:00:00,1
416,52,2019-04-07 17:00:00,3
417,41,2019-04-10 20:30:00,2
418,58,2019-04-11 17:00:00,7
419,47,2019-04-12 17:30:00,6
420,85,2019-04-13 14:30:00,5
421,8,2019-04-16 09:30:00,7
422,35,2019-04-16 15:00:00,6
423,58,2019-04-17 20:30:00,1
424,8,2019-04-18 08:00:00,4
425,26,2019-04-18 11:30:00,2
426,56,2019-04-18 14:30:00,7
427,29,2019-04-19 16:30:00,7
428,45,2019-04-20 18:00:00,4
429,31,2019-04-21 18:30:00,3
430,63,2019-04-22 11:30:00,2
431,10,2019-04-22 18:00:00,7
432,64,2019-04-24 08:00:00,6
433,74,2019-04-24 19:00:00,2
434,31,2019-04-26 08:30:00,1
435,19,2019-04-28 09:00:00,5
436,84,2019-04-28 19:00:00,7
437,73,2019-04-28 21:30:00,3
438,93,2019-05-02 13:30:00,5
439,23,2019-05-02 21:00:00,2
440,65,2019-05-05 18:30:00,6
441,11,2019-05-07 08:00:00,4
442,17,2019-05-07 17:00:00,2
443,64,2019-05-08 10:00:00,5
444,44,2019-05-08 11:30:00,7
445,59,2019-05-08 18:30:00,3
446,31,2019-05-10 09:00:00,4
447,9,2019-05-10 21:00:00,3
448,5,2019-05-12 08:00:00,7
449,85,2019-05-12 14:30:00,5
450,69,2019-05-13 08:30:00,4
451,69,2019-05-13 13:30:00,5
452,89,2019-05-13 20:00:00,4
453,50,2019-05-14 12:00:00,5
454,40,2019-05-16 10:00:00,6
455,83,2019-05-16 14:00:00,7
456,89,2019-05-16 15:00:00,3
457,17,2019-05-19 16:00:00,1
458,54,2019-05-20 08:30:00,3
459,72,2019-05-20 17:30:00,2
460,54,2019-05-20 21:30:00,3
461,43,2019-05-21 09:00:00,7
462,75,2019-05-21 12:30:00,3
463,26,2019-05-22 11:00:00,2
464,12,2019-05-25 08:00:00,5
465,31,2019-05-26 14:30:00,1
466,83,2019-05-26 18:30:00,1
467,60,2019-05-28 10:30:00,7
468,79,2019-05-28 19:30:00,4
469,39,2019-05-29 09:00:00,2
470,80,2019-05-29 11:30:00,7
471,76,2019-05-29 14:00:00,4
472,15,2019-05-30 09:00:00,5
473,44,2019-05-31 14:00:00,2
474,3,2019-06-01 16:30:00,5
475,93,2019-06-02 12:30:00,6
476,33,2019-06-03 09:00:00,3
477,31,2019-06-03 19:00:00,1
478,50,2019-06-04 09:00:00,3
479,75,2019-06-04 13:00:00,5
480,61,2019-06-04 13:30:00,4
481,84,2019-06-05 11:30:00,4
482,52,2019-06-07 09:30:00,5
483,71,2019-06-08 17:00:00,4
484,69,2019-06-10 14:00:00,1
485,83,2019-06-10 21:30:00,5
486,62,2019-06-11 09:00:00,6
487,88,2019-06-13 08:30:00,5
488,17,2019-06-13 11:00:00,3
489,51,2019-06-13 21:00:00,1
490,89,2019-06-14 08:00:00,3
491,77,2019-06-14 18:00:00,1
492,1,2019-06-15 19:00:00,1
493,33,2019-06-15 20:00:00,2
494,18,2019-06-17 09:00:00,1
495,69,2019-06-17 11:00:00,4
496,6,2019-06-17 12:00:00,1
497,65,2019-06-17 14:30:00,3
498,57,2019-06-18 18:30:00,3
499,59,2019-06-19 15:30:00,6
500,47,2019-06-19 18:00:00,2
501,12,2019-06-19 21:00:00,7
502,85,2019-06-20 15:30:00,3
503,76,2019-06-21 14:00:00,6
504,56,2019-06-23 12:30:00,2
505,7,2019-06-23 17:00:00,2
506,95,2019-06-25 11:30:00,5
507,89,2019-06-26 08:00:00,7
508,77,2019-06-26 14:00:00,7
509,32,2019-06-26 16:00:00,6
510,81,2019-06-27 10:00:00,3
511,16,2019-06-27 17:30:00,5
512,93,2019-06-29 16:00:00,1
513,44,2019-06-29 18:00:00,2
514,37,2019-06-30 20:00:00,1
515,73,2019-07-01 10:30:00,1
516,63,2019-07-01 18:30:00,6
517,3,2019-07-02 09:30:00,3
518,73,2019-07-02 10:00:00,4
519,88,2019-07-03 11:30:00,1
520,14,2019-07-03 14:30:00,1
521,99,2019-07-03 20:30:00,1
522,12,2019-07-04 11:30:00,4
523,56,2019-07-05 08:00:00,4
524,98,2019-07-05 08:30:00,3
525,37,2019-07-07 14:00:00,6
526,89,2019-07-07 16:30:00,4
527,16,2019-07-08 14:00:00,4
528,29,2019-07-08 20:00:00,7
529,83,2019-07-09 19:30:00,5
530,74,2019-07-10 13:00:00,1
531,32,2019-07-12 08:00:00,3
532,90,2019-07-12 08:30:00,2
533,12,2019-07-13 08:00:00,4
534,41,2019-07-13 12:30:00,4
535,53,2019-07-13 19:00:00,4
536,86,2019-07-13 20:30:00,3
537,44,2019-07-13 21:00:00,6
538,70,2019-07-14 10:30:00,2
539,6,2019-07-15 16:30:00,4
540,87,2019-07-16 20:30:00,3
541,19,2019-07-17 15:00:00,6
542,30,2019-07-18 21:30:00,7
543,58,2019-07-19 16:30:00,5
544,78,2019-07-20 08:30:00,3
545,69,2019-07-23 14:30:00,4
546,28,2019-07-24 11:00:00,4
547,73,2019-07-24 17:30:00,4
548,42,2019-07-25 13:30:00,7
549,12,2019-07-25 19:30:00,2
550,89,2019-07-26 17:30:00,7
551,73,2019-07-27 20:30:00,2
552,41,2019-07-28 17:00:00,5
553,90,2019-07-30 13:00:00,5
554,6,2019-07-31 21:30:00,2
555,9,2019-08-01 10:30:00,5
556,55,2019-08-01 16:00:00,7
557,26,2019-08-02 20:30:00,4
558,30,2019-08-03 18:00:00,1
559,80,2019-08-04 08:30:00,5
560,24,2019-08-04 08:30:00,1
561,7,2019-08-04 20:00:00,2
562,97,2019-08-05 10:00:00,7
563,47,2019-08-07 08:30:00,7
564,25,2019-08-07 13:00:00,3
565,2,2019-08-09 14:00:00,1
566,21,2019-08-09 15:30:00,1
567,27,2019-08-10 18:00:00,6
568,59,2019-08-14 11:30:00,5
569,26,2019-08-15 11:00:00,6
570,51,2019-08-16 10:00:00,7
571,81,2019-08-16 12:00:00,7
572,82,2019-08-16 14:30:00,5
573,37,2019-08-17 09:30:00,1
574,41,2019-08-18 10:00:00,7
575,32,2019-08-18 18:00:00,1
576,31,2019-08-19 08:30:00,3
577,66,2019-08-19 09:00:00,6
578,4,2019-08-19 18:30:00,6
579,65,2019-08-19 19:30:00,4
580,76,2019-08-21 08:00:00,1
581,86,2019-08-22 19:30:00,6
582,69,2019-08-23 20:00:00,4
583,91,2019-08-25 09:00:00,7
584,62,2019-08-25 09:30:00,7
585,49,2019-08-26 09:30:00,4
586,23,2019-08-26 16:00:00,2
587,72,2019-08-27 19:00:00,6
588,81,2019-08-28 13:00:00,7
589,77,2019-08-28 16:30:00,3
590,42,2019-08-29 21:30:00,4
591,63,2019-08-30 08:00:00,2
592,50,2019-08-30 14:00:00,2
593,67,2019-08-31 08:30:00,6
594,100,2019-09-01 09:00:00,5
595,44,2019-09-05 09:30:00,5
596,82,2019-09-06 08:30:00,3
597,86,2019-09-06 12:00:00,6
598,14,2019-09-06 21:30:00,1
599,20,2019-09-06 21:30:00,1
600,97,2019-09-08 18:30:00,2
601,85,2019-09-09 14:30:00,7
602,5,2019-09-10 11:30:00,6
603,82,2019-09-14 18:00:00,5
604,91,2019-09-15 13:00:00,1
605,6,2019-09-16 19:30:00,3
606,81,2019-09-17 08:00:00,2
607,74,2019-09-17 16:30:00,6
608,94,2019-09-17 19:30:00,1
609,53,2019-09-18 19:00:00,7
610,6,2019-09-19 14:30:00,1
611,91,2019-09-20 17:00:00,6
612,94,2019-09-21 09:00:00,5
613,88,2019-09-21 10:30:00,6
614,6,2019-09-21 12:00:00,1
615,55,2019-09-21 12:00:00,5
616,29,2019-09-21 13:00:00,4
617,34,2019-09-21 13:30:00,3
618,6,2019-09-21 20:00:00,3
619,79,2019-09-22 12:30:00,4
620,78,2019-09-23 08:00:00,1
621,82,2019-09-23 14:00:00,6
622,72,2019-09-24 13:00:00,5
623,77,2019-09-25 08:00:00,6
624,1,2019-09-25 21:00:00,2
625,59,2019-09-27 13:00:00,3
626,18,2019-09-27 13:00:00,7
627,86,2019-09-27 13:00:00,1
628,73,2019-09-28 12:00:00,6
629,27,2019-09-28 12:30:00,4
630,18,2019-09-28 19:00:00,1
631,92,2019-09-29 16:00:00,2
632,42,2019-09-29 18:30:00,6
633,31,2019-09-29 19:00:00,4
634,88,2019-09-30 08:30:00,7
635,32,2019-10-03 08:30:00,7
636,36,2019-10-03 15:30:00,2
637,72,2019-10-04 18:00:00,3
638,34,2019-10-04 20:00:00,3
639,49,2019-10-05 10:30:00,1
640,96,2019-10-05 17:30:00,3
641,51,2019-10-07 16:00:00,2
642,23,2019-10-07 20:00:00,7
643,31,2019-10-07 21:00:00,3
644,63,2019-10-08 14:30:00,7
645,28,2019-10-09 08:00:00,3
646,39,2019-10-09 20:30:00,3
647,89,2019-10-10 08:30:00,2
648,36,2019-10-10 12:30:00,6
649,40,2019-10-10 16:30:00,2
650,48,2019-10-11 16:30:00,5
651,91,2019-10-12 09:00:00,1
652,46,2019-10-12 19:30:00,5
653,96,2019-10-13 11:30:00,4
654,80,2019-10-13 13:30:00,2
655,6,2019-10-13 21:30:00,5
656,25,2019-10-15 13:30:00,6
657,85,2019-10-15 17:00:00,7
658,11,2019-10-17 14:30:00,7
659,25,2019-10-18 08:30:00,5
660,77,2019-10-18 08:30:00,3
661,84,2019-10-18 17:00:00,7
662,66,2019-10-19 13:30:00,5
663,42,2019-10-20 17:30:00,3
664,22,2019-10-20 17:30:00,4
665,73,2019-10-20 19:00:00,1
666,21,2019-10-21 12:00:00,1
667,21,2019-10-23 12:30:00,2
668,19,2019-10-23 16:30:00,7
669,88,2019-10-23 20:00:00,2
670,12,2019-10-24 08:00:00,6
671,12,2019-10-24 13:00:00,4
672,38,2019-10-24 14:30:00,6
673,38,2019-10-24 16:00:00,5
674,17,2019-10-24 19:00:00,4
675,8,2019-10-24 19:00:00,1
676,51,2019-10-25 11:00:00,3
677,62,2019-10-25 12:00:00,6
678,78,2019-10-27 09:30:00,5
679,74,2019-10-27 16:30:00,5
680,2,2019-10-27 18:30:00,1
681,22,2019-10-28 08:30:00,4
682,13,2019-10-28 08:30:00,5
683,99,2019-10-28 16:00:00,2
684,59,2019-10-28 21:00:00,2
685,47,2019-10-29 13:00:00,1
686,56,2019-10-29 14:30:00,4
687,21,2019-10-30 17:30:00,5
688,39,2019-10-31 14:00:00,5
689,78,2019-11-01 12:30:00,1
690,73,2019-11-01 18:30:00,1
691,94,2019-11-02 15:00:00,6
692,85,2019-11-02 16:30:00,6
693,65,2019-11-03 13:00:00,6
694,98,2019-11-04 11:00:00,1
695,35,2019-11-04 14:30:00,6
696,6,2019-11-04 19:30:00,4
697,2,2019-11-05 17:30:00,3
698,98,2019-11-05 20:00:00,4
699,6,2019-11-06 08:30:00,2
700,51,2019-11-06 17:30:00,2
701,46,2019-11-06 20:30:00,7
702,51,2019-11-09 15:30:00,1
703,26,2019-11-09 17:30:00,6
704,19,2019-11-09 18:00:00,2
705,88,2019-11-09 19:00:00,4
706,59,2019-11-10 08:00:00,4
707,4,2019-11-12 10:30:00,4
708,58,2019-11-12 14:30:00,1
709,68,2019-11-14 11:30:00,4
710,26,2019-11-16 08:30:00,3
711,81,2019-11-16 16:00:00,4
712,6,2019-11-17 21:30:00,7
713,53,2019-11-18 15:00:00,2
714,64,2019-11-21 21:00:00,3
715,92,2019-11-25 14:30:00,6
716,24,2019-11-25 17:00:00,7
717,43,2019-11-26 10:00:00,4
718,20,2019-11-26 18:30:00,3
719,65,2019-11-30 12:30:00,4
720,97,2019-11-30 13:30:00,1
721,71,2019-11-30 15:00:00,6
722,40,2019-12-01 13:00:00,3
723,56,2019-12-01 16:30:00,4
724,3,2019-12-01 18:00:00,3
725,75,2019-12-01 19:00:00,5
726,22,2019-12-02 08:30:00,1
727,14,2019-12-04 09:30:00,3
728,44,2019-12-04 16:00:00,3
729,5,2019-12-04 18:00:00,7
730,73,2019-12-04 18:30:00,1
731,90,2019-12-05 10:30:00,4
732,86,2019-12-05 14:30:00,1
733,85,2019-12-08 08:30:00,6
734,43,2019-12-08 15:00:00,6
735,75,2019-12-08 18:00:00,2
736,53,2019-12-10 11:00:00,6
737,95,2019-12-11 09:00:00,1
738,71,2019-12-11 20:00:00,4
739,92,2019-12-12 12:30:00,7
740,11,2019-12-12 12:30:00,2
741,17,2019-12-12 14:30:00,4
742,82,2019-12-12 16:00:00,6
743,90,2019-12-12 18:00:00,4
744,44,2019-12-12 21:30:00,2
745,28,2019-12-13 09:00:00,1
746,95,2019-12-15 14:00:00,1
747,94,2019-12-17 11:00:00,7
748,26,2019-12-18 10:00:00,4
749,40,2019-12-18 16:30:00,6
750,99,2019-12-19 12:30:00,6
751,70,2019-12-19 21:30:00,1
752,27,2019-12-20 17:00:00,4
753,74,2019-12-20 17:30:00,1
754,72,2019-12-22 14:30:00,4
755,17,2019-12-22 15:00:00,6
756,21,2019-12-24 14:30:00,3
757,35,2019-12-25 13:00:00,6
758,84,2019-12-26 18:30:00,2
759,30,2019-12-28 18:00:00,7
760,56,2019-12-29 10:30:00,1
761,44,2019-12-31 15:00:00,3
762,21,2019-12-31 18:30:00,2
763,90,2020-01-01 15:30:00,2
764,85,2020-01-01 19:00:00,2
765,49,2020-01-03 13:00:00,2
766,58,2020-01-04 15:00:00,1
767,67,2020-01-04 17:30:00,4
768,76,2020-01-04 19:30:00,4
769,8,2020-01-05 11:00:00,6
770,63,2020-01-05 11:30:00,2
771,59,2020-01-05 16:00:00,5
772,34,2020-01-05 20:30:00,6
773,74,2020-01-06 14:30:00,6
774,53,2020-01-06 17:30:00,3
775,36,2020-01-06 19:00:00,2
776,14,2020-01-07 13:30:00,6
777,36,2020-01-07 21:30:00,7
778,49,2020-01-08 16:00:00,6
779,54,2020-01-08 21:30:00,6
780,80,2020-01-10 09:00:00,3
781,29,2020-01-10 15:30:00,2
782,80,2020-01-10 18:30:00,7
783,4,2020-01-11 14:00:00,3
784,63,2020-01-12 09:00:00,4
785,34,2020-01-13 14:00:00,1
786,85,2020-01-13 16:00:00,4
787,97,2020-01-13 20:00:00,3
788,33,2020-01-15 17:00:00,7
789,78,2020-01-17 08:00:00,3
790,33,2020-01-17 15:00:00,4
791,85,2020-01-19 10:30:00,2
792,49,2020-01-19 21:00:00,4
793,43,2020-01-20 16:00:00,5
794,62,2020-01-20 18:30:00,7
795,90,2020-01-21 17:00:00,6
796,84,2020-01-22 10:30:00,2
797,68,2020-01-23 17:00:00,4
798,44,2020-01-23 18:00:00,2
799,98,2020-01-23 21:30:00,4
800,75,2020-01-24 08:30:00,3
801,22,2020-01-24 12:30:00,7
802,82,2020-01-24 15:00:00,4
803,83,2020-01-26 16:00:00,3
804,40,2020-01-27 16:30:00,7
805,32,2020-01-27 17:30:00,2
806,4,2020-01-27 20:30:00,7
807,56,2020-01-28 13:00:00,4
808,90,2020-01-29 08:00:00,2
809,16,2020-01-29 12:00:00,2
810,44,2020-01-29 15:30:00,4
811,96,2020-01-30 19:00:00,7
812,70,2020-01-31 08:00:00,1
813,35,2020-01-31 08:00:00,4
814,36,2020-02-01 13:00:00,3
815,27,2020-02-01 19:30:00,5
816,77,2020-02-01 20:00:00,4
817,32,2020-02-02 13:30:00,7
818,61,2020-02-02 15:30:00,5
819,12,2020-02-03 10:30:00,3
820,53,2020-02-04 09:30:00,2
821,6,2020-02-04 19:30:00,7
822,39,2020-02-05 14:30:00,5
823,33,2020-02-05 17:30:00,1
824,51,2020-02-05 20:00:00,4
825,51,2020-02-06 08:30:00,5
826,57,2020-02-06 09:00:00,1
827,61,2020-02-07 16:00:00,2
828,26,2020-02-08 19:00:00,4
829,31,2020-02-10 21:30:00,5
830,46,2020-02-11 12:30:00,1
831,36,2020-02-11 13:00:00,5
832,100,2020-02-11 14:30:00,7
833,91,2020-02-12 16:00:00,5
834,27,2020-02-12 20:00:00,4
835,57,2020-02-13 08:30:00,5
836,32,2020-02-15 14:30:00,1
837,62,2020-02-15 18:00:00,7
838,76,2020-02-16 18:00:00,1
839,58,2020-02-17 08:30:00,4
840,88,2020-02-17 10:00:00,6
841,66,2020-02-17 21:30:00,5
842,59,2020-02-19 12:00:00,5
843,75,2020-02-19 18:00:00,4
844,87,2020-02-21 12:30:00,7
845,29,2020-02-21 13:30:00,2
846,14,2020-02-21 14:00:00,5
847,83,2020-02-23 11:00:00,7
848,19,2020-02-23 18:00:00,4
849,5,2020-03-01 16:30:00,6
850,73,2020-03-02 10:30:00,3
851,11,2020-03-02 15:30:00,2
852,55,2020-03-03 08:00:00,6
853,80,2020-03-03 19:30:00,7
854,27,2020-03-05 18:00:00,4
855,21,2020-03-07 14:00:00,6
856,1,2020-03-08 14:00:00,7
857,9,2020-03-08 14:30:00,6
858,92,2020-03-09 19:30:00,4
859,98,2020-03-10 09:30:00,1
860,94,2020-03-10 20:30:00,4
861,75,2020-03-12 15:00:00,5
862,27,2020-03-13 21:00:00,7
863,81,2020-03-13 21:30:00,7
864,64,2020-03-14 18:00:00,7
865,20,2020-03-14 19:00:00,7
866,18,2020-03-14 21:00:00,6
867,77,2020-03-17 08:00:00,2
868,10,2020-03-17 08:00:00,2
869,91,2020-03-20 19:00:00,5
870,32,2020-03-21 18:00:00,6
871,29,2020-03-22 11:30:00,1
872,46,2020-03-23 12:30:00,1
873,25,2020-03-24 11:30:00,2
874,100,2020-03-24 14:30:00,1
875,17,2020-03-25 20:30:00,6
876,47,2020-03-27 14:30:00,6
877,9,2020-03-27 18:00:00,5
878,43,2020-03-27 21:00:00,4
879,47,2020-03-27 21:00:00,7
880,47,2020-03-28 09:00:00,3
881,48,2020-03-28 11:00:00,6
882,4,2020-03-28 12:00:00,4
883,42,2020-03-29 08:30:00,4
884,96,2020-03-30 10:00:00,7
885,24,2020-03-30 11:30:00,6
886,91,2020-03-30 12:30:00,2
887,100,2020-03-30 18:00:00,2
888,42,2020-03-31 08:30:00,5
889,7,2020-03-31 10:00:00,2
890,48,2020-04-02 10:30:00,7
891,95,2020-04-02 11:30:00,3
892,32,2020-04-02 14:30:00,6
893,89,2020-04-02 14:30:00,2
894,41,2020-04-02 15:00:00,7
895,57,2020-04-02 21:00:00,3
896,7,2020-04-03 11:30:00,7
897,31,2020-04-03 12:30:00,3
898,76,2020-04-03 16:00:00,6
899,70,2020-04-05 13:30:00,1
900,46,2020-04-05 19:00:00,2
901,48,2020-04-06 11:00:00,2
902,87,2020-04-06 15:00:00,2
903,52,2020-04-06 19:30:00,6
904,13,2020-04-07 19:30:00,2
905,7,2020-04-08 17:30:00,2
906,98,2020-04-09 19:30:00,5
907,38,2020-04-09 21:30:00,1
908,48,2020-04-10 11:30:00,7
909,96,2020-04-10 13:00:00,7
910,19,2020-04-12 14:00:00,5
911,22,2020-04-12 19:00:00,2
912,46,2020-04-13 08:30:00,7
913,97,2020-04-13 11:30:00,1
914,47,2020-04-13 17:30:00,4
915,98,2020-04-13 20:30:00,7
916,74,2020-04-13 21:30:00,7
917,63,2020-04-15 10:30:00,4
918,56,2020-04-16 09:30:00,4
919,44,2020-04-16 17:30:00,6
920,6,2020-04-16 21:30:00,3
921,95,2020-04-18 08:00:00,6
922,11,2020-04-20 13:30:00,1
923,13,2020-04-21 11:30:00,7
924,31,2020-04-21 17:30:00,2
925,40,2020-04-24 09:30:00,1
926,53,2020-04-25 18:00:00,5
927,62,2020-04-26 20:00:00,1
928,10,2020-04-27 19:30:00,1
929,67,2020-04-27 20:30:00,6
930,76,2020-04-28 15:30:00,2
931,6,2020-04-28 19:00:00,3
932,56,2020-04-29 11:30:00,6
933,7,2020-04-29 21:30:00,7
934,98,2020-05-01 11:00:00,7
935,5,2020-05-01 18:00:00,5
936,75,2020-05-02 15:30:00,5
937,46,2020-05-02 18:30:00,2
938,2,2020-05-02 19:00:00,4
939,17,2020-05-03 14:30:00,1
940,18,2020-05-05 10:30:00,3
941,31,2020-05-07 10:00:00,1
942,75,2020-05-08 10:30:00,3
943,45,2020-05-08 11:30:00,5
944,96,2020-05-08 12:00:00,3
945,34,2020-05-09 10:00:00,7
946,57,2020-05-10 17:00:00,2
947,53,2020-05-11 21:00:00,2
948,26,2020-05-11 21:30:00,2
949,53,2020-05-12 11:30:00,5
950,2,2020-05-16 10:00:00,5
951,76,2020-05-16 10:30:00,3
952,88,2020-05-16 16:30:00,7
953,20,2020-05-16 19:30:00,4
954,85,2020-05-17 12:30:00,4
955,13,2020-05-17 15:30:00,1
956,6,2020-05-17 20:30:00,6
957,11,2020-05-20 11:00:00,6
958,88,2020-05-22 13:00:00,5
959,2,2020-05-22 19:30:00,1
960,58,2020-05-23 12:30:00,1
961,23,2020-05-24 13:00:00,1
962,4,2020-05-24 17:00:00,3
963,75,2020-05-24 19:30:00,6
964,44,2020-05-25 11:00:00,5
965,58,2020-05-25 15:30:00,7
966,70,2020-05-26 10:30:00,7
967,53,2020-05-26 15:30:00,5
968,19,2020-05-26 15:30:00,1
969,97,2020-05-26 19:00:00,5
970,3,2020-05-27 15:30:00,7
971,58,2020-05-28 08:30:00,1
972,33,2020-05-29 14:00:00,1
973,32,2020-05-29 20:00:00,5
974,80,2020-05-29 20:30:00,1
975,68,2020-05-31 18:00:00,2
976,2,2020-06-01 08:00:00,1
977,37,2020-06-02 12:00:00,7
978,65,2020-06-02 19:00:00,5
979,35,2020-06-02 21:00:00,7
980,90,2020-06-03 08:00:00,1
981,35,2020-06-03 18:30:00,5
982,22,2020-06-04 20:00:00,4
983,67,2020-06-05 21:30:00,7
984,45,2020-06-06 18:30:00,3
985,90,2020-06-08 13:30:00,7
986,14,2020-06-08 15:00:00,5
987,15,2020-06-09 11:30:00,4
988,84,2020-06-10 14:00:00,1
989,18,2020-06-11 21:30:00,3
990,46,2020-06-12 13:00:00,4
991,32,2020-06-12 13:00:00,7
992,10,2020-06-14 12:00:00,5
993,75,2020-06-15 12:30:00,6
994,25,2020-06-15 14:30:00,4
995,13,2020-06-16 09:00:00,7
996,42,2020-06-16 19:30:00,2
997,11,2020-06-17 17:30:00,5
998,38,2020-06-18 08:00:00,2
999,56,2020-06-19 08:30:00,1
1000,3,2020-06-19 14:30:00,6
1001,89,2020-06-19 19:00:00,4
1002,99,2020-06-20 12:00:00,4
1003,51,2020-06-20 20:30:00,3
1004,81,2020-06-21 18:00:00,6
1005,94,2020-06-21 19:30:00,1
1006,80,2020-06-22 09:00:00,2
1007,40,2020-06-22 09:30:00,6
1008,61,2020-06-25 13:30:00,3
1009,94,2020-06-25 16:00:00,2
1010,97,2020-06-25 19:30:00,3
1011,36,2020-06-26 14:00:00,6
1012,31,2020-06-26 21:00:00,4
1013,35,2020-06-27 08:00:00,7
1014,60,2020-06-27 11:00:00,6
1015,85,2020-06-28 19:30:00,7
1016,28,2020-06-28 21:00:00,3
1017,38,2020-06-28 21:30:00,3
1018,41,2020-06-29 13:30:00,4
1019,26,2020-06-30 18:30:00,6
1020,24,2020-07-01 08:00:00,7
1021,84,2020-07-01 15:00:00,1
1022,87,2020-07-01 18:00:00,7
1023,37,2020-07-02 10:00:00,1
1024,66,2020-07-02 10:30:00,1
1025,31,2020-07-04 20:30:00,3
1026,46,2020-07-05 10:00:00,1
1027,17,2020-07-06 11:30:00,7
1028,54,2020-07-06 14:00:00,4
1029,37,2020-07-07 10:30:00,4
1030,89,2020-07-08 13:00:00,1
1031,55,2020-07-08 17:00:00,1
1032,18,2020-07-09 15:00:00,7
1033,83,2020-07-10 13:30:00,1
1034,14,2020-07-10 17:00:00,3
1035,44,2020-07-12 18:30:00,5
1036,42,2020-07-13 19:00:00,6
1037,98,2020-07-13 19:00:00,7
1038,47,2020-07-14 10:00:00,6
1039,86,2020-07-15 19:30:00,7
1040,71,2020-07-18 15:30:00,4
1041,58,2020-07-19 19:00:00,6
1042,70,2020-07-20 13:30:00,2
1043,38,2020-07-21 18:30:00,7
1044,76,2020-07-22 08:30:00,3
1045,52,2020-07-22 13:30:00,6
1046,39,2020-07-23 12:30:00,3
1047,45,2020-07-24 09:00:00,7
1048,24,2020-07-24 19:00:00,7
1049,81,2020-07-24 20:30:00,6
1050,21,2020-07-25 21:00:00,3
1051,9,2020-07-26 11:00:00,6
1052,55,2020-07-26 12:30:00,4
1053,5,2020-07-26 13:30:00,3
1054,49,2020-07-30 11:00:00,4
1055,22,2020-07-30 13:30:00,7
1056,19,2020-07-30 17:30:00,5
1057,61,2020-07-30 18:30:00,1
1058,31,2020-07-31 20:00:00,3
1059,22,2020-08-01 12:30:00,4
1060,72,2020-08-02 12:00:00,4
1061,35,2020-08-03 16:00:00,1
1062,34,2020-08-04 18:00:00,1
1063,71,2020-08-05 15:00:00,1
1064,5,2020-08-05 18:30:00,5
1065,55,2020-08-06 15:30:00,2
1066,59,2020-08-06 17:00:00,3
1067,17,2020-08-09 12:00:00,4
1068,80,2020-08-09 14:30:00,1
1069,51,2020-08-10 09:30:00,3
1070,8,2020-08-10 13:30:00,2
1071,11,2020-08-11 11:00:00,7
1072,32,2020-08-11 17:00:00,2
1073,92,2020-08-11 17:30:00,3
1074,76,2020-08-12 17:00:00,4
1075,27,2020-08-13 18:30:00,1
1076,6,2020-08-15 16:30:00,7
1077,62,2020-08-15 18:00:00,5
1078,61,2020-08-16 10:30:00,2
1079,38,2020-08-16 13:00:00,4
1080,78,2020-08-17 10:00:00,4
1081,20,2020-08-17 11:00:00,5
1082,1,2020-08-17 12:30:00,2
1083,23,2020-08-17 16:00:00,2
1084,91,2020-08-18 16:00:00,4
1085,43,2020-08-18 18:30:00,6
1086,79,2020-08-19 09:30:00,7
1087,78,2020-08-19 14:00:00,2
1088,44,2020-08-19 16:00:00,4
1089,74,2020-08-19 17:30:00,6
1090,89,2020-08-20 12:00:00,7
1091,33,2020-08-20 17:00:00,3
1092,31,2020-08-21 20:30:00,3
1093,50,2020-08-21 20:30:00,5
1094,41,2020-08-24 09:30:00,2
1095,71,2020-08-24 18:30:00,6
1096,37,2020-08-25 13:30:00,5
1097,88,2020-08-25 21:00:00,1
1098,51,2020-08-26 12:00:00,4
1099,62,2020-08-26 14:30:00,4
1100,69,2020-08-27 14:00:00,5
1101,63,2020-08-27 17:00:00,5
1102,91,2020-08-28 16:30:00,1
1103,44,2020-08-31 15:00:00,3
1104,23,2020-08-31 16:30:00,1
1105,52,2020-09-01 11:30:00,2
1106,47,2020-09-01 15:30:00,7
1107,46,2020-09-03 20:30:00,6
1108,61,2020-09-04 08:30:00,1
1109,70,2020-09-06 12:00:00,3
1110,11,2020-09-06 19:00:00,1
1111,54,2020-09-08 10:00:00,6
1112,23,2020-09-08 11:00:00,5
1113,59,2020-09-08 15:30:00,6
1114,91,2020-09-10 11:00:00,2
1115,13,2020-09-13 12:00:00,4
1116,90,2020-09-14 12:00:00,5
1117,43,2020-09-15 18:00:00,4
1118,100,2020-09-17 19:30:00,3
1119,3,2020-09-18 12:30:00,5
1120,10,2020-09-18 12:30:00,3
1121,31,2020-09-18 20:30:00,1
1122,84,2020-09-18 21:00:00,5
1123,52,2020-09-19 10:30:00,2
1124,61,2020-09-19 13:00:00,1
1125,72,2020-09-19 13:00:00,7
1126,85,2020-09-19 15:30:00,3
1127,83,2020-09-21 08:30:00,5
1128,74,2020-09-21 13:00:00,3
1129,90,2020-09-21 20:30:00,6
1130,41,2020-09-22 19:00:00,1
1131,86,2020-09-23 10:30:00,5
1132,44,2020-09-23 18:30:00,2
1133,2,2020-09-24 20:00:00,2
1134,47,2020-09-25 10:00:00,4
1135,52,2020-09-25 12:00:00,5
1136,2,2020-09-25 14:00:00,3
1137,100,2020-09-26 11:30:00,3
1138,91,2020-09-26 14:00:00,7
1139,91,2020-09-28 14:30:00,7
1140,93,2020-09-29 11:00:00,7
1141,21,2020-09-30 10:30:00,7
1142,96,2020-09-30 12:00:00,5
1143,71,2020-10-01 16:30:00,6
1144,43,2020-10-01 20:30:00,4
1145,70,2020-10-03 15:00:00,1
1146,52,2020-10-03 17:00:00,4
1147,15,2020-10-03 17:30:00,6
1148,87,2020-10-03 20:00:00,7
1149,58,2020-10-04 13:30:00,4
1150,42,2020-10-04 16:30:00,4
1151,93,2020-10-05 12:30:00,5
1152,18,2020-10-05 16:00:00,5
1153,60,2020-10-05 16:30:00,2
1154,79,2020-10-08 14:00:00,5
1155,41,2020-10-09 11:00:00,2
1156,91,2020-10-12 09:30:00,3
1157,98,2020-10-12 11:30:00,7
1158,49,2020-10-12 14:30:00,2
1159,84,2020-10-12 19:30:00,3
1160,93,2020-10-14 10:00:00,3
1161,78,2020-10-14 17:30:00,5
1162,96,2020-10-15 09:00:00,4
1163,66,2020-10-16 17:30:00,4
1164,1,2020-10-16 19:00:00,5
1165,38,2020-10-18 08:00:00,1
1166,91,2020-10-18 11:00:00,7
1167,36,2020-10-18 13:30:00,5
1168,17,2020-10-19 12:00:00,2
1169,19,2020-10-19 17:00:00,7
1170,28,2020-10-20 09:30:00,6
1171,43,2020-10-21 16:30:00,7
1172,68,2020-10-21 19:00:00,7
1173,85,2020-10-22 16:00:00,6
1174,92,2020-10-22 16:00:00,3
1175,69,2020-10-22 19:00:00,3
1176,93,2020-10-23 12:00:00,5
1177,16,2020-10-24 16:00:00,7
1178,8,2020-10-25 12:00:00,3
1179,82,2020-10-25 15:30:00,7
1180,3,2020-10-25 16:00:00,7
1181,35,2020-10-26 16:30:00,1
1182,1,2020-10-28 18:00:00,4
1183,23,2020-10-29 13:00:00,6
1184,71,2020-10-30 15:30:00,3
1185,51,2020-10-30 20:00:00,7
1186,89,2020-10-31 09:30:00,2
1187,8,2020-11-01 16:30:00,7
1188,41,2020-11-02 08:30:00,7
1189,33,2020-11-02 14:00:00,2
1190,92,2020-11-02 18:00:00,6
1191,86,2020-11-02 21:00:00,2
1192,17,2020-11-03 08:00:00,4
1193,78,2020-11-03 09:00:00,7
1194,36,2020-11-03 18:30:00,7
1195,82,2020-11-03 20:30:00,5
1196,13,2020-11-04 12:00:00,5
1197,82,2020-11-05 08:00:00,2
1198,24,2020-11-05 10:00:00,2
1199,67,2020-11-05 12:00:00,2
1200,3,2020-11-05 15:30:00,3
1201,29,2020-11-06 09:00:00,3
1202,48,2020-11-06 12:30:00,7
1203,13,2020-11-06 14:30:00,5
1204,55,2020-11-07 14:30:00,6
1205,9,2020-11-07 15:00:00,7
1206,96,2020-11-08 11:30:00,7
1207,29,2020-11-08 15:00:00,5
1208,50,2020-11-08 17:00:00,7
1209,81,2020-11-09 18:00:00,1
1210,72,2020-11-10 08:30:00,3
1211,80,2020-11-13 09:30:00,5
1212,20,2020-11-18 09:30:00,7
1213,46,2020-11-19 09:00:00,4
1214,20,2020-11-20 09:30:00,7
1215,63,2020-11-20 17:30:00,7
1216,39,2020-11-21 12:00:00,3
1217,51,2020-11-21 17:30:00,3
1218,17,2020-11-22 16:30:00,2
1219,66,2020-11-23 08:00:00,7
1220,44,2020-11-23 12:00:00,3
1221,60,2020-11-24 12:30:00,7
1222,71,2020-11-26 11:00:00,3
1223,100,2020-11-26 17:00:00,7
1224,83,2020-11-27 09:30:00,7
1225,53,2020-11-27 10:30:00,5
1226,43,2020-11-27 12:30:00,3
1227,11,2020-11-27 20:00:00,2
1228,58,2020-11-29 11:30:00,1
1229,4,2020-11-30 09:30:00,4
1230,6,2020-11-30 11:30:00,5
1231,82,2020-11-30 20:00:00,3
1232,54,2020-12-02 18:00:00,7
1233,39,2020-12-02 20:30:00,7
1234,5,2020-12-04 10:00:00,6
1235,83,2020-12-05 14:30:00,3
1236,86,2020-12-05 17:00:00,1
1237,91,2020-12-06 10:00:00,5
1238,25,2020-12-06 19:00:00,7
1239,81,2020-12-06 21:00:00,4
1240,2,2020-12-07 14:00:00,2
1241,59,2020-12-07 16:00:00,3
1242,93,2020-12-09 12:30:00,7
1243,10,2020-12-10 12:00:00,1
1244,28,2020-12-12 09:30:00,6
1245,5,2020-12-12 11:30:00,2
1246,61,2020-12-12 19:30:00,6
1247,67,2020-12-13 18:30:00,4
1248,63,2020-12-14 17:00:00,2
1249,37,2020-12-16 11:30:00,1
1250,53,2020-12-16 18:00:00,6
1251,28,2020-12-17 10:00:00,4
1252,38,2020-12-17 12:30:00,4
1253,39,2020-12-19 16:00:00,7
1254,80,2020-12-19 21:30:00,2
1255,39,2020-12-21 09:00:00,4
1256,89,2020-12-21 10:30:00,4
1257,41,2020-12-21 19:00:00,5
1258,1,2020-12-22 13:00:00,6
1259,44,2020-12-22 17:30:00,7
1260,87,2020-12-25 08:30:00,4
1261,17,2020-12-27 18:00:00,7
1262,62,2020-12-28 17:00:00,4
1263,60,2020-12-30 16:00:00,5
1264,47,2020-12-30 21:00:00,2
1265,69,2020-12-31 09:00:00,6
1266,23,2020-12-31 21:00:00,3
1267,49,2021-01-01 20:00:00,1
1268,6,2021-01-02 15:30:00,2
1269,15,2021-01-02 19:00:00,7
1270,58,2021-01-03 09:00:00,6
1271,27,2021-01-04 15:00:00,4
1272,30,2021-01-04 17:00:00,2
1273,37,2021-01-05 11:00:00,7
1274,86,2021-01-05 12:00:00,5
1275,76,2021-01-05 21:30:00,7
1276,8,2021-01-06 08:30:00,6
1277,23,2021-01-06 09:30:00,2
1278,43,2021-01-06 13:00:00,5
1279,28,2021-01-06 15:30:00,6
1280,29,2021-01-06 20:30:00,3
1281,94,2021-01-09 10:00:00,7
1282,48,2021-01-09 13:30:00,3
1283,62,2021-01-09 19:00:00,7
1284,52,2021-01-09 20:30:00,4
1285,49,2021-01-09 21:30:00,6
1286,64,2021-01-10 17:00:00,6
1287,29,2021-01-10 20:30:00,2
1288,29,2021-01-11 09:30:00,3
1289,78,2021-01-11 20:00:00,1
1290,63,2021-01-13 08:30:00,4
1291,22,2021-01-13 14:00:00,2
1292,80,2021-01-13 21:00:00,4
1293,19,2021-01-16 15:00:00,1
1294,35,2021-01-18 13:00:00,1
1295,69,2021-01-18 16:00:00,2
1296,35,2021-01-18 20:30:00,7
1297,16,2021-01-19 21:30:00,2
1298,58,2021-01-20 09:30:00,4
1299,90,2021-01-21 11:30:00,4
1300,67,2021-01-21 14:30:00,1
1301,23,2021-01-21 19:30:00,2
1302,77,2021-01-22 09:00:00,5
1303,36,2021-01-22 10:00:00,7
1304,38,2021-01-22 18:00:00,6
1305,79,2021-01-23 12:00:00,1
1306,30,2021-01-24 16:00:00,2
1307,11,2021-01-24 21:00:00,4
1308,41,2021-01-25 08:00:00,4
1309,14,2021-01-25 17:30:00,6
1310,18,2021-01-25 19:30:00,6
1311,84,2021-01-26 13:00:00,7
1312,44,2021-01-27 17:30:00,4
1313,25,2021-01-27 21:00:00,2
1314,68,2021-01-27 21:30:00,5
1315,41,2021-01-29 09:30:00,1
1316,39,2021-01-29 10:00:00,3
1317,56,2021-01-30 16:00:00,5
1318,70,2021-01-30 18:30:00,5
1319,46,2021-01-31 08:30:00,5
1320,6,2021-01-31 13:00:00,2
1321,68,2021-02-01 09:30:00,7
1322,3,2021-02-01 18:00:00,2
1323,24,2021-02-02 13:00:00,3
1324,41,2021-02-04 09:00:00,4
1325,19,2021-02-04 12:00:00,7
1326,85,2021-02-04 12:00:00,4
1327,77,2021-02-05 13:00:00,6
1328,9,2021-02-06 11:30:00,1
1329,97,2021-02-06 12:00:00,2
1330,10,2021-02-06 20:30:00,6
1331,20,2021-02-06 20:30:00,4
1332,51,2021-02-07 09:00:00,3
1333,63,2021-02-08 14:00:00,2
1334,61,2021-02-08 19:00:00,1
1335,38,2021-02-08 20:00:00,3
1336,76,2021-02-09 08:30:00,2
1337,41,2021-02-09 10:00:00,2
1338,9,2021-02-09 16:30:00,3
1339,80,2021-02-09 20:00:00,3
1340,56,2021-02-10 13:00:00,5
1341,39,2021-02-10 14:00:00,4
1342,39,2021-02-11 11:30:00,5
1343,84,2021-02-11 15:30:00,4
1344,35,2021-02-11 21:00:00,6
1345,73,2021-02-11 21:30:00,2
1346,30,2021-02-12 12:30:00,4
1347,6,2021-02-14 13:00:00,2
1348,71,2021-02-15 08:30:00,3
1349,93,2021-02-15 09:30:00,2
1350,93,2021-02-16 17:00:00,1
1351,85,2021-02-17 14:00:00,4
1352,87,2021-02-18 09:30:00,5
1353,82,2021-02-18 18:00:00,1
1354,10,2021-02-21 18:30:00,6
1355,13,2021-02-22 14:00:00,7
1356,5,2021-02-23 19:30:00,6
1357,19,2021-02-25 17:30:00,1
1358,36,2021-02-26 19:30:00,2
1359,66,2021-02-28 19:00:00,4
1360,72,2021-03-01 11:00:00,6
1361,68,2021-03-02 12:30:00,1
1362,52,2021-03-02 19:00:00,7
1363,2,2021-03-03 17:00:00,6
1364,62,2021-03-04 15:30:00,2
1365,22,2021-03-04 18:00:00,2
1366,10,2021-03-05 09:30:00,7
1367,43,2021-03-06 09:30:00,6
1368,33,2021-03-07 19:00:00,7
1369,42,2021-03-08 19:30:00,7
1370,85,2021-03-09 19:00:00,7
1371,27,2021-03-10 16:00:00,2
1372,45,2021-03-10 20:00:00,3
1373,8,2021-03-11 13:00:00,4
1374,9,2021-03-11 19:00:00,3
1375,80,2021-03-11 19:30:00,5
1376,45,2021-03-13 10:00:00,6
1377,32,2021-03-13 17:00:00,2
1378,79,2021-03-13 20:00:00,4
1379,18,2021-03-14 12:00:00,7
1380,8,2021-03-14 16:30:00,6
1381,55,2021-03-14 19:30:00,7
1382,56,2021-03-16 10:30:00,4
1383,15,2021-03-16 14:00:00,4
1384,78,2021-03-17 20:00:00,7
1385,26,2021-03-19 10:30:00,2
1386,4,2021-03-19 21:30:00,6
1387,95,2021-03-20 18:00:00,1
1388,38,2021-03-22 17:00:00,6
1389,25,2021-03-22 20:00:00,1
1390,88,2021-03-23 11:30:00,2
1391,95,2021-03-23 17:00:00,2
1392,50,2021-03-23 18:30:00,3
1393,70,2021-03-23 21:30:00,5
1394,60,2021-03-24 10:00:00,1
1395,52,2021-03-26 15:30:00,5
1396,19,2021-03-28 08:30:00,2
1397,92,2021-03-29 14:30:00,4
1398,90,2021-03-30 11:00:00,6
1399,78,2021-03-30 19:30:00,3
1400,78,2021-03-30 20:30:00,2
1401,74,2021-03-31 13:30:00,2
1402,73,2021-04-01 18:30:00,2
1403,62,2021-04-02 09:00:00,1
1404,14,2021-04-02 16:30:00,6
1405,16,2021-04-02 19:30:00,5
1406,86,2021-04-03 14:30:00,4
1407,61,2021-04-04 14:30:00,5
1408,89,2021-04-05 08:30:00,2
1409,66,2021-04-05 15:30:00,1
1410,29,2021-04-05 20:30:00,4
1411,4,2021-04-07 20:00:00,2
1412,13,2021-04-07 20:00:00,4
1413,80,2021-04-08 11:30:00,1
1414,36,2021-04-08 14:00:00,4
1415,41,2021-04-08 18:30:00,3
1416,50,2021-04-09 16:00:00,7
1417,77,2021-04-10 14:00:00,4
1418,22,2021-04-11 18:30:00,3
1419,30,2021-04-11 18:30:00,7
1420,44,2021-04-12 10:30:00,4
1421,21,2021-04-13 12:30:00,4
1422,7,2021-04-17 16:00:00,6
1423,56,2021-04-18 14:00:00,1
1424,1,2021-04-18 20:00:00,1
1425,40,2021-04-19 20:30:00,5
1426,21,2021-04-19 21:00:00,7
1427,22,2021-04-21 15:00:00,5
1428,92,2021-04-24 10:00:00,3
1429,84,2021-04-24 20:30:00,5
1430,15,2021-04-28 20:30:00,2
1431,28,2021-05-01 12:30:00,2
1432,9,2021-05-02 14:30:00,5
1433,55,2021-05-02 14:30:00,6
1434,82,2021-05-03 09:30:00,7
1435,46,2021-05-04 19:30:00,7
1436,79,2021-05-05 17:30:00,6
1437,99,2021-05-06 19:00:00,7
1438,63,2021-05-07 08:00:00,6
1439,75,2021-05-07 10:30:00,4
1440,93,2021-05-08 11:00:00,1
1441,48,2021-05-08 11:30:00,1
1442,74,2021-05-09 08:30:00,3
1443,48,2021-05-09 14:00:00,6
1444,80,2021-05-09 14:00:00,6
1445,27,2021-05-09 16:30:00,1
1446,19,2021-05-11 16:00:00,7
1447,23,2021-05-11 21:30:00,7
1448,55,2021-05-12 08:30:00,6
1449,50,2021-05-12 15:30:00,4
1450,91,2021-05-12 19:00:00,2
1451,52,2021-05-13 16:00:00,3
1452,55,2021-05-13 16:30:00,7
1453,10,2021-05-14 12:30:00,2
1454,61,2021-05-14 19:00:00,1
1455,1,2021-05-15 08:00:00,3
1456,16,2021-05-15 19:00:00,6
1457,67,2021-05-16 12:00:00,6
1458,81,2021-05-16 15:00:00,1
1459,88,2021-05-17 09:00:00,3
1460,8,2021-05-17 10:00:00,4
1461,46,2021-05-18 08:30:00,2
1462,86,2021-05-18 16:30:00,5
1463,6,2021-05-19 11:00:00,6
1464,81,2021-05-19 19:00:00,2
1465,24,2021-05-19 19:30:00,1
1466,8,2021-05-19 19:30:00,4
1467,28,2021-05-20 15:00:00,4
1468,74,2021-05-20 16:30:00,1
1469,16,2021-05-21 11:00:00,6
1470,75,2021-05-23 20:00:00,3
1471,13,2021-05-24 16:00:00,2
1472,15,2021-05-24 19:30:00,3
1473,84,2021-05-25 09:00:00,2
1474,39,2021-05-25 15:00:00,2
1475,62,2021-05-26 11:30:00,6
1476,32,2021-05-26 15:30:00,7
1477,22,2021-05-27 09:30:00,5
1478,11,2021-05-28 10:30:00,2
1479,58,2021-05-28 21:00:00,3
1480,13,2021-05-30 08:30:00,3
1481,78,2021-05-31 21:00:00,2
1482,23,2021-06-01 08:00:00,4
1483,38,2021-06-01 11:00:00,3
1484,43,2021-06-02 15:30:00,5
1485,66,2021-06-03 16:30:00,1
1486,75,2021-06-04 20:00:00,1
1487,11,2021-06-05 20:00:00,7
1488,1,2021-06-06 09:00:00,1
1489,91,2021-06-06 16:00:00,1
1490,94,2021-06-07 15:00:00,1
1491,18,2021-06-08 08:30:00,6
1492,1,2021-06-08 13:30:00,3
1493,75,2021-06-09 13:30:00,6
1494,5,2021-06-09 16:00:00,7
1495,14,2021-06-09 16:30:00,7
1496,93,2021-06-10 12:30:00,3
1497,15,2021-06-13 16:30:00,6
1498,13,2021-06-14 14:00:00,6
1499,37,2021-06-14 17:00:00,4
1500,39,2021-06-15 08:00:00,1
1501,80,2021-06-16 15:00:00,5
1502,86,2021-06-16 21:00:00,6
1503,50,2021-06-17 18:30:00,4
1504,13,2021-06-17 19:30:00,1
1505,81,2021-06-18 10:30:00,4
1506,10,2021-06-18 14:00:00,6
1507,62,2021-06-18 14:00:00,4
1508,89,2021-06-20 16:00:00,6
1509,15,2021-06-20 18:00:00,7
1510,4,2021-06-21 19:00:00,6
1511,98,2021-06-22 13:30:00,5
1512,47,2021-06-22 20:00:00,3
1513,63,2021-06-22 20:30:00,6
1514,4,2021-06-26 12:00:00,1
1515,42,2021-06-27 19:30:00,7
1516,80,2021-06-28 16:30:00,4
1517,83,2021-06-28 21:00:00,6
1518,11,2021-06-29 12:30:00,3
1519,11,2021-06-30 11:00:00,4
1520,26,2021-06-30 14:30:00,7
1521,86,2021-07-01 18:00:00,3
1522,99,2021-07-02 15:00:00,7
1523,77,2021-07-03 10:00:00,2
1524,31,2021-07-05 21:30:00,7
1525,97,2021-07-07 15:00:00,5
1526,73,2021-07-07 16:00:00,5
1527,60,2021-07-08 14:00:00,2
1528,77,2021-07-08 21:30:00,1
1529,12,2021-07-09 17:00:00,4
1530,91,2021-07-10 08:30:00,2
1531,88,2021-07-11 17:00:00,2
1532,46,2021-07-12 16:00:00,3
1533,62,2021-07-12 19:30:00,4
1534,21,2021-07-13 11:30:00,5
1535,23,2021-07-13 13:00:00,4
1536,47,2021-07-15 09:00:00,4
1537,36,2021-07-15 16:00:00,3
1538,26,2021-07-16 10:30:00,6
1539,88,2021-07-16 11:30:00,7
1540,92,2021-07-17 09:00:00,6
1541,51,2021-07-17 09:30:00,5
1542,44,2021-07-19 15:30:00,1
1543,79,2021-07-20 09:30:00,5
1544,63,2021-07-20 11:00:00,2
1545,18,2021-07-20 15:00:00,1
1546,50,2021-07-21 19:30:00,2
1547,33,2021-07-23 19:00:00,7
1548,93,2021-07-24 08:00:00,1
1549,61,2021-07-25 19:30:00,1
1550,40,2021-07-27 17:00:00,7
1551,34,2021-07-28 08:30:00,4
1552,90,2021-07-29 18:30:00,2
1553,75,2021-07-30 21:30:00,3
1554,40,2021-08-01 09:00:00,4
1555,8,2021-08-01 16:00:00,4
1556,23,2021-08-01 18:30:00,7
1557,77,2021-08-01 20:30:00,5
1558,76,2021-08-02 21:00:00,7
1559,75,2021-08-03 15:30:00,7
1560,10,2021-08-05 12:00:00,7
1561,42,2021-08-06 11:30:00,7
1562,98,2021-08-06 21:00:00,7
1563,6,2021-08-07 20:30:00,4
1564,82,2021-08-08 15:00:00,4
1565,30,2021-08-09 17:30:00,7
1566,61,2021-08-10 17:00:00,7
1567,2,2021-08-10 20:00:00,3
1568,45,2021-08-11 21:30:00,3
1569,92,2021-08-12 21:00:00,1
1570,63,2021-08-13 12:30:00,6
1571,92,2021-08-14 10:30:00,4
1572,22,2021-08-15 09:00:00,2
1573,54,2021-08-15 15:00:00,5
1574,10,2021-08-16 09:00:00,5
1575,46,2021-08-17 18:30:00,4
1576,86,2021-08-17 20:30:00,6
1577,58,2021-08-18 10:00:00,2
1578,58,2021-08-18 17:30:00,5
1579,11,2021-08-18 21:00:00,5
1580,93,2021-08-19 18:30:00,5
1581,29,2021-08-20 10:00:00,2
1582,60,2021-08-20 12:30:00,6
1583,54,2021-08-21 18:30:00,1
1584,59,2021-08-22 12:00:00,2
1585,77,2021-08-23 17:00:00,7
1586,62,2021-08-23 17:30:00,1
1587,36,2021-08-23 18:00:00,6
1588,80,2021-08-23 18:00:00,2
1589,86,2021-08-23 18:30:00,7
1590,87,2021-08-23 20:00:00,1
1591,25,2021-08-24 19:30:00,2
1592,20,2021-08-25 08:30:00,3
1593,49,2021-08-25 14:00:00,6
1594,85,2021-08-25 16:00:00,7
1595,40,2021-08-25 16:30:00,1
1596,60,2021-08-26 10:30:00,6
1597,90,2021-08-26 19:30:00,2
1598,25,2021-08-28 09:00:00,5
1599,17,2021-08-28 14:00:00,4
1600,20,2021-08-29 16:30:00,7
1601,90,2021-09-01 08:00:00,7
1602,81,2021-09-01 12:00:00,3
1603,79,2021-09-01 15:30:00,4
1604,2,2021-09-01 21:00:00,2
1605,23,2021-09-02 20:30:00,4
1606,71,2021-09-02 21:00:00,4
1607,50,2021-09-03 12:30:00,4
1608,4,2021-09-03 20:00:00,6
1609,89,2021-09-03 20:00:00,6
1610,51,2021-09-05 19:00:00,3
1611,78,2021-09-06 16:00:00,3
1612,72,2021-09-09 11:30:00,4
1613,7,2021-09-09 13:30:00,4
1614,79,2021-09-09 20:30:00,1
1615,77,2021-09-10 16:30:00,4
1616,51,2021-09-10 19:00:00,2
1617,50,2021-09-12 10:00:00,4
1618,36,2021-09-12 15:00:00,3
1619,70,2021-09-12 21:00:00,7
1620,8,2021-09-13 11:30:00,3
1621,59,2021-09-13 17:00:00,1
1622,30,2021-09-14 09:30:00,1
1623,73,2021-09-14 17:00:00,4
1624,13,2021-09-15 11:30:00,3
1625,36,2021-09-15 17:00:00,4
1626,66,2021-09-17 12:30:00,2
1627,85,2021-09-18 17:30:00,1
1628,26,2021-09-18 21:00:00,4
1629,16,2021-09-20 16:30:00,4
1630,15,2021-09-20 17:00:00,3
1631,68,2021-09-20 21:30:00,4
1632,57,2021-09-21 14:30:00,3
1633,59,2021-09-22 08:00:00,2
1634,87,2021-09-23 11:30:00,2
1635,24,2021-09-23 12:00:00,3
1636,33,2021-09-23 15:00:00,6
1637,61,2021-09-24 13:00:00,5
1638,56,2021-09-24 16:00:00,2
1639,87,2021-09-25 11:00:00,7
1640,83,2021-09-25 20:00:00,3
1641,69,2021-09-26 10:00:00,3
1642,41,2021-09-27 12:00:00,2
1643,58,2021-09-29 14:00:00,7
1644,20,2021-09-29 14:30:00,3
1645,17,2021-09-30 08:30:00,1
1646,73,2021-10-01 08:30:00,4
1647,17,2021-10-01 21:00:00,2
1648,45,2021-10-02 11:00:00,4
1649,35,2021-10-02 11:00:00,4
1650,62,2021-10-02 14:30:00,5
1651,59,2021-10-02 16:30:00,2
1652,7,2021-10-02 19:30:00,5
1653,40,2021-10-05 14:30:00,4
1654,24,2021-10-06 17:00:00,6
1655,13,2021-10-06 17:30:00,6
1656,38,2021-10-07 08:00:00,4
1657,14,2021-10-07 12:00:00,7
1658,86,2021-10-10 08:30:00,5
1659,98,2021-10-10 09:00:00,2
1660,47,2021-10-10 13:30:00,5
1661,68,2021-10-11 10:00:00,4
1662,47,2021-10-11 14:30:00,4
1663,52,2021-10-12 08:00:00,6
1664,28,2021-10-13 10:30:00,1
1665,3,2021-10-14 16:30:00,4
1666,40,2021-10-15 10:30:00,5
1667,70,2021-10-15 15:00:00,2
1668,67,2021-10-15 17:00:00,2
1669,67,2021-10-15 18:30:00,7
1670,51,2021-10-16 09:30:00,1
1671,99,2021-10-19 09:30:00,4
1672,79,2021-10-19 13:30:00,4
1673,82,2021-10-19 18:30:00,2
1674,27,2021-10-20 13:00:00,5
1675,4,2021-10-20 17:00:00,4
1676,59,2021-10-21 10:00:00,2
1677,66,2021-10-21 11:00:00,7
1678,18,2021-10-21 21:30:00,1
1679,6,2021-10-23 09:00:00,6
1680,69,2021-10-24 21:00:00,5
1681,7,2021-10-25 20:30:00,2
1682,31,2021-10-26 13:00:00,4
1683,29,2021-10-27 15:00:00,7
1684,69,2021-10-28 14:00:00,5
1685,87,2021-10-29 11:00:00,3
1686,19,2021-10-29 17:30:00,2
1687,50,2021-10-31 20:30:00,5
1688,68,2021-11-01 12:00:00,6
1689,87,2021-11-01 17:00:00,4
1690,1,2021-11-01 19:00:00,4
1691,33,2021-11-01 21:00:00,2
1692,92,2021-11-02 15:30:00,7
1693,43,2021-11-03 11:00:00,3
1694,41,2021-11-04 20:00:00,2
1695,28,2021-11-05 16:30:00,4
1696,12,2021-11-06 08:00:00,2
1697,54,2021-11-06 12:00:00,5
1698,81,2021-11-06 12:00:00,3
1699,38,2021-11-07 16:00:00,7
1700,42,2021-11-09 16:00:00,1
1701,30,2021-11-10 11:00:00,3
1702,90,2021-11-11 19:00:00,7
1703,15,2021-11-11 19:30:00,1
1704,32,2021-11-12 10:00:00,2
1705,92,2021-11-12 17:00:00,3
1706,3,2021-11-13 18:30:00,7
1707,3,2021-11-15 20:30:00,4
1708,20,2021-11-15 20:30:00,3
1709,67,2021-11-16 11:30:00,5
1710,37,2021-11-17 16:30:00,3
1711,80,2021-11-17 17:00:00,6
1712,62,2021-11-18 18:00:00,2
1713,74,2021-11-18 18:00:00,6
1714,25,2021-11-18 20:00:00,3
1715,81,2021-11-19 11:00:00,3
1716,82,2021-11-19 12:30:00,3
1717,71,2021-11-19 15:00:00,3
1718,11,2021-11-20 11:30:00,5
1719,48,2021-11-20 12:00:00,3
1720,41,2021-11-21 11:00:00,5
1721,51,2021-11-22 18:00:00,7
1722,76,2021-11-22 18:00:00,6
1723,58,2021-11-23 14:00:00,7
1724,10,2021-11-24 15:00:00,5
1725,76,2021-11-25 17:30:00,1
1726,85,2021-11-25 19:00:00,6
1727,63,2021-11-26 17:00:00,1
1728,20,2021-11-27 10:00:00,4
1729,84,2021-11-27 12:30:00,2
1730,93,2021-11-28 08:00:00,5
1731,6,2021-11-29 13:30:00,4
1732,11,2021-11-30 11:30:00,5
1733,39,2021-11-30 21:30:00,5
1734,7,2021-12-01 13:00:00,2
1735,22,2021-12-01 13:30:00,1
1736,51,2021-12-01 14:30:00,6
1737,72,2021-12-02 21:30:00,5
1738,66,2021-12-03 14:30:00,1
1739,87,2021-12-03 21:30:00,1
1740,98,2021-12-04 13:00:00,6
1741,2,2021-12-05 13:30:00,7
1742,92,2021-12-06 21:00:00,7
1743,66,2021-12-08 08:30:00,4
1744,97,2021-12-08 14:30:00,2
1745,81,2021-12-09 13:00:00,1
1746,77,2021-12-09 13:00:00,7
1747,80,2021-12-09 14:00:00,2
1748,85,2021-12-13 14:30:00,4
1749,68,2021-12-13 19:30:00,1
1750,52,2021-12-14 17:30:00,7
1751,54,2021-12-15 09:00:00,6
1752,20,2021-12-15 09:30:00,3
1753,27,2021-12-15 16:00:00,5
1754,47,2021-12-17 15:00:00,3
1755,81,2021-12-18 08:30:00,5
1756,97,2021-12-18 14:30:00,1
1757,33,2021-12-18 16:00:00,5
1758,34,2021-12-20 12:30:00,7
1759,70,2021-12-20 12:30:00,4
1760,78,2021-12-20 13:00:00,7
1761,13,2021-12-21 10:00:00,6
1762,52,2021-12-22 16:30:00,7
1763,62,2021-12-23 08:00:00,6
1764,75,2021-12-24 08:00:00,6
1765,94,2021-12-24 09:00:00,6
1766,61,2021-12-24 12:00:00,4
1767,25,2021-12-24 18:00:00,3
1768,39,2021-12-24 18:30:00,2
1769,83,2021-12-24 20:00:00,5
1770,47,2021-12-25 18:00:00,5
1771,5,2021-12-26 13:00:00,6
1772,61,2021-12-26 20:00:00,7
1773,72,2021-12-26 21:30:00,5
1774,89,2021-12-27 08:30:00,1
1775,98,2021-12-27 17:00:00,5
1776,92,2021-12-27 20:00:00,3
1777,95,2021-12-28 11:00:00,7
1778,79,2021-12-29 21:00:00,5
1779,13,2021-12-30 11:00:00,4
1780,24,2021-12-31 20:30:00,7
1781,41,2022-01-01 12:30:00,5
1782,86,2022-01-02 14:00:00,1
1783,3,2022-01-02 16:30:00,2
1784,18,2022-01-06 08:30:00,4
1785,61,2022-01-07 13:30:00,1
1786,73,2022-01-07 18:30:00,3
1787,87,2022-01-08 19:00:00,1
1788,29,2022-01-11 20:30:00,5
1789,42,2022-01-12 08:30:00,3
1790,27,2022-01-13 21:00:00,7
1791,56,2022-01-13 21:30:00,7
1792,60,2022-01-14 13:30:00,7
1793,65,2022-01-14 18:00:00,6
1794,90,2022-01-15 17:00:00,3
1795,56,2022-01-17 09:30:00,4
1796,62,2022-01-17 13:00:00,4
1797,65,2022-01-18 14:30:00,5
1798,68,2022-01-18 15:00:00,2
1799,9,2022-01-20 14:00:00,3
1800,86,2022-01-21 16:00:00,6
1801,89,2022-01-21 17:00:00,7
1802,54,2022-01-24 11:00:00,3
1803,22,2022-01-25 20:00:00,6
1804,20,2022-01-26 16:30:00,1
1805,7,2022-01-27 16:30:00,2
1806,33,2022-01-27 18:00:00,5
1807,28,2022-01-28 09:30:00,3
1808,91,2022-01-28 10:00:00,6
1809,70,2022-01-30 18:30:00,1
1810,96,2022-01-31 10:30:00,7
1811,48,2022-01-31 13:30:00,2
1812,28,2022-02-02 14:30:00,7
1813,46,2022-02-03 09:30:00,2
1814,34,2022-02-03 10:00:00,4
1815,85,2022-02-04 10:00:00,1
1816,7,2022-02-04 10:30:00,7
1817,71,2022-02-05 14:30:00,7
1818,6,2022-02-05 16:00:00,6
1819,25,2022-02-06 17:00:00,7
1820,25,2022-02-07 17:00:00,6
1821,35,2022-02-07 19:30:00,2
1822,90,2022-02-08 13:30:00,2
1823,72,2022-02-09 08:30:00,6
1824,74,2022-02-09 08:30:00,7
1825,93,2022-02-09 09:00:00,3
1826,45,2022-02-10 13:30:00,1
1827,72,2022-02-12 12:30:00,3
1828,80,2022-02-14 10:30:00,5
1829,6,2022-02-14 12:00:00,1
1830,18,2022-02-14 17:30:00,3
1831,63,2022-02-17 21:30:00,2
1832,10,2022-02-18 10:30:00,2
1833,96,2022-02-18 17:30:00,1
1834,80,2022-02-18 19:30:00,6
1835,52,2022-02-18 21:30:00,6
1836,63,2022-02-19 13:30:00,2
1837,72,2022-02-19 17:00:00,3
1838,78,2022-02-20 11:00:00,1
1839,10,2022-02-20 19:00:00,2
1840,53,2022-02-21 20:30:00,6
1841,28,2022-02-22 18:00:00,5
1842,68,2022-02-23 15:00:00,1
1843,57,2022-02-23 15:00:00,4
1844,98,2022-02-23 16:00:00,3
1845,95,2022-02-24 16:30:00,7
1846,7,2022-02-25 11:30:00,5
1847,70,2022-02-25 20:30:00,4
1848,68,2022-02-26 17:00:00,5
1849,18,2022-02-27 12:30:00,1
1850,48,2022-02-28 08:00:00,5
1851,5,2022-02-28 14:00:00,4
1852,89,2022-02-28 16:00:00,1
1853,32,2022-02-28 19:00:00,2
1855,39,2022-03-02 11:30:00,1
1856,40,2022-03-02 16:00:00,1
1857,33,2022-03-03 08:30:00,5
1858,29,2022-03-03 12:00:00,6
1859,41,2022-03-04 13:00:00,7
1860,95,2022-03-04 17:30:00,1
1861,33,2022-03-04 21:00:00,4
1862,98,2022-03-05 19:30:00,3
1863,67,2022-03-05 21:30:00,4
1864,48,2022-03-06 16:00:00,5
1865,3,2022-03-07 08:00:00,5
1866,46,2022-03-08 19:00:00,5
1867,47,2022-03-09 16:00:00,1
1868,88,2022-03-13 10:00:00,1
1869,70,2022-03-14 20:30:00,7
1870,81,2022-03-15 16:30:00,4
1871,79,2022-03-16 12:30:00,7
1872,25,2022-03-17 20:00:00,2
1873,84,2022-03-19 08:30:00,2
1874,5,2022-03-19 16:00:00,5
1875,99,2022-03-19 20:00:00,1
1876,37,2022-03-21 10:30:00,6
1877,89,2022-03-21 14:00:00,6
1878,21,2022-03-22 15:30:00,4
1879,35,2022-03-22 16:30:00,3
1880,26,2022-03-24 19:00:00,5
1881,6,2022-03-25 14:30:00,6
1882,97,2022-03-26 20:00:00,1
1883,14,2022-03-27 10:00:00,4
1884,70,2022-03-28 17:30:00,4
1885,23,2022-03-28 21:30:00,5
1886,53,2022-03-29 11:30:00,1
1887,20,2022-03-29 17:30:00,7
1888,75,2022-03-30 18:30:00,4
1889,2,2022-03-31 10:30:00,6
1890,42,2022-04-01 09:30:00,2
1891,8,2022-04-01 11:00:00,6
1892,77,2022-04-01 21:30:00,4
1893,1,2022-04-02 21:30:00,2
1894,22,2022-04-03 12:30:00,1
1895,82,2022-04-03 19:30:00,3
1896,47,2022-04-04 17:00:00,6
1897,11,2022-04-05 12:30:00,1
1898,6,2022-04-07 15:00:00,5
1899,99,2022-04-08 10:00:00,6
1900,61,2022-04-08 10:30:00,7
1901,100,2022-04-09 12:00:00,1
1902,35,2022-04-10 21:00:00,4
1903,43,2022-04-11 13:00:00,6
1904,73,2022-04-13 09:00:00,6
1905,95,2022-04-14 11:30:00,7
1906,36,2022-04-14 14:00:00,6
1907,73,2022-04-14 18:00:00,2
1908,8,2022-04-18 11:30:00,1
1909,39,2022-04-19 10:30:00,2
1910,97,2022-04-20 13:00:00,4
1911,77,2022-04-21 12:30:00,6
1912,96,2022-04-21 17:00:00,7
1913,27,2022-04-21 18:30:00,1
1914,41,2022-04-22 19:00:00,2
1915,83,2022-04-22 19:00:00,2
1916,66,2022-04-23 18:00:00,5
1917,84,2022-04-24 15:30:00,1
1918,50,2022-04-24 16:00:00,5
1919,16,2022-04-24 16:30:00,7
1920,100,2022-04-24 18:30:00,6
1921,52,2022-04-25 15:00:00,4
1922,70,2022-04-25 15:30:00,7
1923,80,2022-04-25 17:30:00,7
1924,55,2022-04-26 14:00:00,7
1925,47,2022-04-28 13:00:00,2
1926,91,2022-04-30 19:00:00,1
1927,98,2022-04-30 19:30:00,4
1928,26,2022-05-01 17:00:00,1
1929,65,2022-05-01 21:30:00,4
1930,19,2022-05-02 11:30:00,3
1931,100,2022-05-02 15:30:00,6
1932,34,2022-05-04 08:00:00,6
1933,53,2022-05-04 12:30:00,6
1934,91,2022-05-04 20:00:00,7
1935,31,2022-05-06 13:30:00,5
1936,33,2022-05-06 21:30:00,1
1937,68,2022-05-08 08:30:00,1
1938,13,2022-05-08 18:30:00,5
1939,96,2022-05-09 14:00:00,6
1940,80,2022-05-09 18:30:00,7
1941,24,2022-05-10 14:30:00,2
1942,99,2022-05-11 19:00:00,1
1943,1,2022-05-11 20:00:00,6
1944,73,2022-05-12 12:30:00,1
1945,35,2022-05-12 16:00:00,3
1946,6,2022-05-12 16:30:00,6
1947,59,2022-05-12 21:00:00,2
1948,16,2022-05-13 17:00:00,6
1949,80,2022-05-15 13:00:00,1
1950,70,2022-05-15 14:00:00,6
1951,21,2022-05-15 17:00:00,4
1952,100,2022-05-17 10:30:00,4
1953,44,2022-05-19 11:00:00,1
1954,44,2022-05-19 17:00:00,6
1955,98,2022-05-20 18:30:00,4
1956,29,2022-05-21 15:30:00,3
1957,15,2022-05-21 16:00:00,6
1958,55,2022-05-21 20:30:00,1
1959,83,2022-05-22 09:00:00,7
1960,6,2022-05-22 14:30:00,5
1961,89,2022-05-23 14:00:00,5
1962,64,2022-05-23 14:30:00,5
1963,54,2022-05-24 15:30:00,7
1964,34,2022-05-25 13:00:00,1
1965,33,2022-05-26 10:30:00,7
1966,8,2022-05-27 14:00:00,5
1967,56,2022-05-28 08:00:00,1
1968,99,2022-05-28 12:00:00,7
1969,39,2022-05-28 20:00:00,3
1970,34,2022-05-28 20:30:00,5
1971,70,2022-05-29 12:30:00,7
1972,29,2022-05-31 12:00:00,4
1973,2,2022-05-31 13:30:00,3
1974,48,2022-05-31 19:30:00,4
1975,74,2022-06-01 09:00:00,5
1976,82,2022-06-01 09:00:00,7
1977,50,2022-06-03 10:30:00,6
1978,9,2022-06-03 19:30:00,6
1979,59,2022-06-08 09:30:00,2
1980,21,2022-06-08 13:00:00,7
1981,28,2022-06-09 21:30:00,6
1982,19,2022-06-10 08:30:00,1
1983,47,2022-06-10 13:30:00,2
1984,14,2022-06-14 18:30:00,4
1985,17,2022-06-14 11:00:00,7
1986,75,2022-06-14 17:30:00,1
1987,48,2022-06-17 09:30:00,2
1988,16,2022-06-17 09:30:00,7
1989,75,2022-06-19 14:30:00,5
1990,2,2022-06-22 09:00:00,6
1991,3,2022-06-22 12:00:00,4
1992,10,2022-06-24 11:00:00,4
1993,68,2022-06-24 21:30:00,2
1994,3,2022-06-28 08:30:00,1
1995,86,2022-06-28 17:00:00,3
1996,54,2022-06-28 17:00:00,4
1997,18,2022-06-29 11:00:00,1
1998,54,2022-06-29 20:30:00,2
1999,86,2022-06-30 13:30:00,6
2000,64,2022-07-29 18:30:00,4
